,dd,mm,Departamento,Municipio,Total
0,01,001,ANTIOQUIA,MEDELLIN,114104
1,01,004,ANTIOQUIA,ABEJORRAL,754
2,01,007,ANTIOQUIA,ABRIAQUI,283
3,01,010,ANTIOQUIA,ALEJANDRIA,386
4,01,013,ANTIOQUIA,AMAGA,1232
5,01,016,ANTIOQUIA,AMALFI,1181
6,01,019,ANTIOQUIA,ANDES,2018
7,01,022,ANTIOQUIA,ANGELOPOLIS,484
8,01,025,ANTIOQUIA,ANGOSTURA,467
9,01,028,ANTIOQUIA,ANORI,1217
10,01,031,ANTIOQUIA,ANTIOQUIA,1983
11,01,034,ANTIOQUIA,ANZA,580
12,01,035,ANTIOQUIA,APARTADO,8683
13,01,037,ANTIOQUIA,ARBOLETES,3072
14,01,039,ANTIOQUIA,ARGELIA,515
15,01,040,ANTIOQUIA,ARMENIA,266
16,01,043,ANTIOQUIA,BARBOSA,2016
17,01,046,ANTIOQUIA,BELMIRA,634
18,01,049,ANTIOQUIA,BELLO,22382
19,01,052,ANTIOQUIA,BETANIA,951
20,01,055,ANTIOQUIA,BETULIA,861
21,01,058,ANTIOQUIA,BOLIVAR,960
22,01,061,ANTIOQUIA,BURITICA,691
23,01,062,ANTIOQUIA,BRICEÑO,624
24,01,064,ANTIOQUIA,CACERES,1829
25,01,067,ANTIOQUIA,CAICEDO,378
26,01,070,ANTIOQUIA,CALDAS,4011
27,01,073,ANTIOQUIA,CAMPAMENTO,757
28,01,076,ANTIOQUIA,CAÑASGORDAS,1171
29,01,078,ANTIOQUIA,CARACOLI,602
30,01,079,ANTIOQUIA,CARAMANTA,338
31,01,080,ANTIOQUIA,CAREPA,4178
32,01,082,ANTIOQUIA,CARMEN DE VIBORAL,3082
33,01,085,ANTIOQUIA,CAROLINA,346
34,01,088,ANTIOQUIA,CAUCASIA,5316
35,01,091,ANTIOQUIA,CISNEROS,783
36,01,094,ANTIOQUIA,COCORNA,1370
37,01,097,ANTIOQUIA,CONCEPCION,334
38,01,100,ANTIOQUIA,CONCORDIA,556
39,01,103,ANTIOQUIA,COPACABANA,5610
40,01,106,ANTIOQUIA,CHIGORODO,3307
41,01,109,ANTIOQUIA,DABEIBA,1848
42,01,112,ANTIOQUIA,DON MATIAS,1482
43,01,115,ANTIOQUIA,EBEJICO,697
44,01,117,ANTIOQUIA,EL BAGRE,2741
45,01,118,ANTIOQUIA,ENTRERRIOS,509
46,01,121,ANTIOQUIA,ENVIGADO,13060
47,01,124,ANTIOQUIA,FREDONIA,1238
48,01,127,ANTIOQUIA,FRONTINO,1408
49,01,130,ANTIOQUIA,GIRALDO,510
50,01,133,ANTIOQUIA,GIRARDOTA,2535
51,01,136,ANTIOQUIA,GOMEZ PLATA,644
52,01,139,ANTIOQUIA,GRANADA,482
53,01,140,ANTIOQUIA,GUADALUPE,409
54,01,142,ANTIOQUIA,GUARNE,3054
55,01,145,ANTIOQUIA,GUATAPE,684
56,01,148,ANTIOQUIA,HELICONIA,608
57,01,150,ANTIOQUIA,HISPANIA,604
58,01,151,ANTIOQUIA,ITAGUI,20666
59,01,154,ANTIOQUIA,ITUANGO,1367
60,01,157,ANTIOQUIA,JARDIN,655
61,01,160,ANTIOQUIA,JERICO,621
62,01,163,ANTIOQUIA,LA CEJA,3875
63,01,166,ANTIOQUIA,LA ESTRELLA,5987
64,01,168,ANTIOQUIA,PUERTO NARE-LA MAGDALENA,1219
65,01,169,ANTIOQUIA,LA UNION,898
66,01,170,ANTIOQUIA,LA PINTADA,625
67,01,172,ANTIOQUIA,LIBORINA,506
68,01,175,ANTIOQUIA,MACEO,953
69,01,178,ANTIOQUIA,MARINILLA,3306
70,01,181,ANTIOQUIA,MONTEBELLO,560
71,01,184,ANTIOQUIA,MURINDO,218
72,01,187,ANTIOQUIA,MUTATA,3386
73,01,190,ANTIOQUIA,NARIÑO,707
74,01,191,ANTIOQUIA,NECHI,1659
75,01,192,ANTIOQUIA,NECOCLI,3447
76,01,193,ANTIOQUIA,OLAYA,529
77,01,196,ANTIOQUIA,PEÑOL,993
78,01,199,ANTIOQUIA,PEQUE,574
79,01,202,ANTIOQUIA,PUEBLORRICO,534
80,01,205,ANTIOQUIA,PUERTO BERRIO,2622
81,01,206,ANTIOQUIA,PUERTO TRIUNFO,2223
82,01,208,ANTIOQUIA,REMEDIOS,3261
83,01,211,ANTIOQUIA,RETIRO,1676
84,01,214,ANTIOQUIA,RIONEGRO,9590
85,01,217,ANTIOQUIA,SABANALARGA,503
86,01,218,ANTIOQUIA,SABANETA,12362
87,01,220,ANTIOQUIA,SALGAR,984
88,01,223,ANTIOQUIA,SAN ANDRES,632
89,01,226,ANTIOQUIA,SAN CARLOS,1694
90,01,227,ANTIOQUIA,SAN FRANCISCO,779
91,01,229,ANTIOQUIA,SAN JERONIMO,1290
92,01,230,ANTIOQUIA,SAN JOSE DE LA MONTAÑA,311
93,01,231,ANTIOQUIA,SAN JUAN DE URABA,1906
94,01,232,ANTIOQUIA,SAN LUIS,852
95,01,235,ANTIOQUIA,SAN PEDRO,1153
96,01,237,ANTIOQUIA,SAN PEDRO DE URABA,3520
97,01,238,ANTIOQUIA,SAN RAFAEL,830
98,01,241,ANTIOQUIA,SAN ROQUE,1487
99,01,244,ANTIOQUIA,SAN VICENTE,956
100,01,247,ANTIOQUIA,SANTA BARBARA,1142
101,01,250,ANTIOQUIA,SANTA ROSA DE OSOS,2316
102,01,253,ANTIOQUIA,SANTO DOMINGO,1452
103,01,256,ANTIOQUIA,SANTUARIO,1330
104,01,259,ANTIOQUIA,SEGOVIA,2364
105,01,262,ANTIOQUIA,SONSON,1829
106,01,265,ANTIOQUIA,SOPETRAN,1082
107,01,268,ANTIOQUIA,TAMESIS,722
108,01,270,ANTIOQUIA,TARAZA,2923
109,01,271,ANTIOQUIA,TARSO,543
110,01,274,ANTIOQUIA,TITIRIBI,392
111,01,277,ANTIOQUIA,TOLEDO,404
112,01,280,ANTIOQUIA,TURBO,8918
113,01,282,ANTIOQUIA,URAMITA,629
114,01,283,ANTIOQUIA,URRAO,1576
115,01,286,ANTIOQUIA,VALDIVIA,1128
116,01,289,ANTIOQUIA,VALPARAISO,419
117,01,290,ANTIOQUIA,VEGACHI,893
118,01,291,ANTIOQUIA,VIGIA DEL FUERTE,896
119,01,292,ANTIOQUIA,VENECIA,1213
120,01,293,ANTIOQUIA,YALI,537
121,01,295,ANTIOQUIA,YARUMAL,2250
122,01,298,ANTIOQUIA,YOLOMBO,1344
123,01,300,ANTIOQUIA,YONDO-CASABE,2294
124,01,301,ANTIOQUIA,ZARAGOZA,1970
125,03,001,ATLANTICO,BARRANQUILLA,150901
126,03,004,ATLANTICO,BARANOA,4362
127,03,007,ATLANTICO,CAMPO DE LA CRUZ,2091
128,03,010,ATLANTICO,CANDELARIA,1446
129,03,013,ATLANTICO,GALAPA,5523
130,03,016,ATLANTICO,JUAN DE ACOSTA,1636
131,03,019,ATLANTICO,LURUACO,2220
132,03,022,ATLANTICO,MALAMBO,11928
133,03,025,ATLANTICO,MANATI,911
134,03,028,ATLANTICO,PALMAR DE VARELA,3566
135,03,031,ATLANTICO,PIOJO,518
136,03,034,ATLANTICO,POLONUEVO,1031
137,03,035,ATLANTICO,PONEDERA,1953
138,03,037,ATLANTICO,PUERTO COLOMBIA,8708
139,03,040,ATLANTICO,REPELON,1540
140,03,043,ATLANTICO,SABANAGRANDE,2263
141,03,046,ATLANTICO,SABANALARGA,6948
142,03,047,ATLANTICO,SANTA LUCIA,1052
143,03,049,ATLANTICO,SANTO TOMAS,2643
144,03,052,ATLANTICO,SOLEDAD,60142
145,03,055,ATLANTICO,SUAN,833
146,03,058,ATLANTICO,TUBARA,1241
147,03,061,ATLANTICO,USIACURI,750
148,05,001,BOLIVAR,CARTAGENA,139063
149,05,004,BOLIVAR,ACHI,2692
150,05,005,BOLIVAR,ARENAL,638
151,05,006,BOLIVAR,ALTOS DEL ROSARIO,633
152,05,007,BOLIVAR,ARJONA,4070
153,05,009,BOLIVAR,ARROYO HONDO,1842
154,05,010,BOLIVAR,BARRANCO DE LOBA,1488
155,05,013,BOLIVAR,CALAMAR,1856
156,05,014,BOLIVAR,CANTAGALLO,1507
157,05,015,BOLIVAR,CICUCO,899
158,05,016,BOLIVAR,CORDOBA,1337
159,05,018,BOLIVAR,CLEMENCIA,1140
160,05,022,BOLIVAR,EL CARMEN DE BOLIVAR,5539
161,05,025,BOLIVAR,EL GUAMO,888
162,05,026,BOLIVAR,HATILLO DE LOBA,1549
163,05,027,BOLIVAR,EL PEÑON,642
164,05,028,BOLIVAR,MAGANGUE,14900
165,05,031,BOLIVAR,MAHATES,2465
166,05,037,BOLIVAR,MARGARITA,1342
167,05,040,BOLIVAR,MARIA LA BAJA,4865
168,05,041,BOLIVAR,MONTECRISTO,2659
169,05,043,BOLIVAR,MOMPOS,4118
170,05,044,BOLIVAR,MORALES,1868
171,05,050,BOLIVAR,NOROSI,1043
172,05,059,BOLIVAR,PINILLOS,1775
173,05,063,BOLIVAR,REGIDOR,476
174,05,065,BOLIVAR,RIOVIEJO,763
175,05,070,BOLIVAR,SAN ESTANISLAO,1564
176,05,072,BOLIVAR,SAN CRISTOBAL,621
177,05,073,BOLIVAR,SAN FERNANDO,1429
178,05,076,BOLIVAR,SAN JACINTO,2361
179,05,078,BOLIVAR,SAN JACINTO DEL CAUCA,1030
180,05,079,BOLIVAR,SAN JUAN NEPOMUCENO,2589
181,05,082,BOLIVAR,SAN MARTIN DE LOBA,1644
182,05,084,BOLIVAR,SAN PABLO,2428
183,05,091,BOLIVAR,SANTA CATALINA,1406
184,05,094,BOLIVAR,SANTA ROSA,1020
185,05,095,BOLIVAR,SANTA ROSA DEL SUR,2517
186,05,097,BOLIVAR,SIMITI,1420
187,05,106,BOLIVAR,SOPLAVIENTO,784
188,05,110,BOLIVAR,TALAIGUA NUEVO,1057
189,05,113,BOLIVAR,TIQUISIO (PTO. RICO),2087
190,05,118,BOLIVAR,TURBACO,8092
191,05,121,BOLIVAR,TURBANA,834
192,05,124,BOLIVAR,VILLANUEVA,948
193,05,127,BOLIVAR,ZAMBRANO,738
194,07,001,BOYACA,TUNJA,9880
195,07,007,BOYACA,ALMEIDA,239
196,07,008,BOYACA,AQUITANIA (PUEBLOVIEJO),694
197,07,010,BOYACA,ARCABUCO,461
198,07,013,BOYACA,BELEN,396
199,07,016,BOYACA,BERBEO,142
200,07,019,BOYACA,BETEITIVA,187
201,07,022,BOYACA,BOAVITA,392
202,07,025,BOYACA,BOYACA,349
203,07,028,BOYACA,BRICEÑO,376
204,07,031,BOYACA,BUENAVISTA,525
205,07,034,BOYACA,BUSBANZA,124
206,07,037,BOYACA,CALDAS,410
207,07,040,BOYACA,CAMPOHERMOSO,256
208,07,043,BOYACA,CERINZA,182
209,07,046,BOYACA,CIENEGA,225
210,07,049,BOYACA,COMBITA,956
211,07,052,BOYACA,COPER,310
212,07,055,BOYACA,CORRALES,143
213,07,058,BOYACA,COVARACHIA,428
214,07,059,BOYACA,CUBARA,624
215,07,060,BOYACA,CUCAITA,231
216,07,061,BOYACA,CUITIVA,277
217,07,064,BOYACA,CHINAVITA,285
218,07,067,BOYACA,CHIQUINQUIRA,2165
219,07,068,BOYACA,CHIQUIZA,436
220,07,070,BOYACA,CHISCAS,298
221,07,073,BOYACA,CHITA,466
222,07,076,BOYACA,CHITARAQUE,724
223,07,077,BOYACA,CHIVATA,396
224,07,078,BOYACA,CHIVOR,227
225,07,079,BOYACA,DUITAMA,4801
226,07,082,BOYACA,EL COCUY,208
227,07,085,BOYACA,EL ESPINO,284
228,07,088,BOYACA,FIRAVITOBA,637
229,07,091,BOYACA,FLORESTA,228
230,07,094,BOYACA,GACHANTIVA,305
231,07,097,BOYACA,GAMEZA,337
232,07,100,BOYACA,GARAGOA,664
233,07,103,BOYACA,GUACAMAYAS,151
234,07,106,BOYACA,GUATEQUE,553
235,07,109,BOYACA,GUAYATA,473
236,07,112,BOYACA,GUICAN,165
237,07,118,BOYACA,IZA,369
238,07,121,BOYACA,JENESANO,578
239,07,124,BOYACA,JERICO,503
240,07,127,BOYACA,LABRANZAGRANDE,555
241,07,130,BOYACA,LA CAPILLA,197
242,07,136,BOYACA,LA UVITA,361
243,07,137,BOYACA,LA VICTORIA,167
244,07,139,BOYACA,VILLA DE LEIVA,1238
245,07,142,BOYACA,MACANAL,278
246,07,148,BOYACA,MARIPI,902
247,07,151,BOYACA,MIRAFLORES,464
248,07,154,BOYACA,MONGUA,578
249,07,157,BOYACA,MONGUI,432
250,07,160,BOYACA,MONIQUIRA,1590
251,07,161,BOYACA,MOTAVITA,678
252,07,163,BOYACA,MUZO,710
253,07,166,BOYACA,NOBSA,1191
254,07,169,BOYACA,NUEVO COLON,290
255,07,173,BOYACA,OICATA,421
256,07,176,BOYACA,OTANCHE,838
257,07,178,BOYACA,PACHAVITA,171
258,07,179,BOYACA,PAEZ,215
259,07,181,BOYACA,PAIPA,2046
260,07,184,BOYACA,PAJARITO,276
261,07,187,BOYACA,PANQUEBA,154
262,07,190,BOYACA,PAUNA,591
263,07,193,BOYACA,PAYA,166
264,07,199,BOYACA,PAZ DE RIO,230
265,07,202,BOYACA,PESCA,622
266,07,205,BOYACA,PISBA,145
267,07,214,BOYACA,PUERTO BOYACA,3504
268,07,215,BOYACA,QUIPAMA,737
269,07,217,BOYACA,RAMIRIQUI,534
270,07,220,BOYACA,RAQUIRA,643
271,07,223,BOYACA,RONDON,272
272,07,226,BOYACA,SABOYA,1162
273,07,232,BOYACA,SACHICA,347
274,07,235,BOYACA,SAMACA,710
275,07,237,BOYACA,SAN EDUARDO,123
276,07,238,BOYACA,SAN JOSE DE PARE,489
277,07,241,BOYACA,SAN LUIS DE GACENO,370
278,07,247,BOYACA,SAN MATEO,279
279,07,248,BOYACA,SAN MIGUEL DE SEMA,211
280,07,249,BOYACA,SAN PABLO DE BORBUR,679
281,07,250,BOYACA,SANTANA,533
282,07,251,BOYACA,SANTA MARIA,407
283,07,253,BOYACA,SANTA ROSA DE VITERBO,634
284,07,256,BOYACA,SANTA SOFIA,289
285,07,259,BOYACA,SATIVANORTE,235
286,07,262,BOYACA,SATIVASUR,164
287,07,265,BOYACA,SIACHOQUE,434
288,07,268,BOYACA,SOATA,427
289,07,271,BOYACA,SOCOTA,664
290,07,274,BOYACA,SOCHA,655
291,07,277,BOYACA,SOGAMOSO,4896
292,07,280,BOYACA,SOMONDOCO,317
293,07,281,BOYACA,SORA,335
294,07,282,BOYACA,SORACA,438
295,07,283,BOYACA,SOTAQUIRA,629
296,07,286,BOYACA,SUSACON,277
297,07,289,BOYACA,SUTAMARCHAN,748
298,07,292,BOYACA,SUTATENZA,327
299,07,298,BOYACA,TASCO,439
300,07,301,BOYACA,TENZA,335
301,07,304,BOYACA,TIBANA,600
302,07,307,BOYACA,TIBASOSA,748
303,07,310,BOYACA,TINJACA,348
304,07,311,BOYACA,TIPACOQUE,344
305,07,313,BOYACA,TOCA,526
306,07,316,BOYACA,TOGUI,366
307,07,319,BOYACA,TOPAGA,344
308,07,322,BOYACA,TOTA,372
309,07,324,BOYACA,TUNUNGUA,83
310,07,325,BOYACA,TURMEQUE,372
311,07,328,BOYACA,TUTA,755
312,07,331,BOYACA,TUTAZA,284
313,07,334,BOYACA,UMBITA,305
314,07,337,BOYACA,VENTAQUEMADA,610
315,07,340,BOYACA,VIRACACHA,205
316,07,346,BOYACA,ZETAQUIRA,683
317,09,001,CALDAS,MANIZALES,24652
318,09,004,CALDAS,AGUADAS,935
319,09,007,CALDAS,ANSERMA,1453
320,09,013,CALDAS,ARANZAZU,466
321,09,022,CALDAS,BELALCAZAR,917
322,09,034,CALDAS,CHINCHINA,2882
323,09,037,CALDAS,FILADELFIA,766
324,09,049,CALDAS,LA DORADA,3377
325,09,052,CALDAS,LA MERCED,594
326,09,055,CALDAS,MANZANARES,1046
327,09,058,CALDAS,MARMATO,898
328,09,061,CALDAS,MARQUETALIA,715
329,09,067,CALDAS,MARULANDA,404
330,09,076,CALDAS,NEIRA,935
331,09,078,CALDAS,NORCASIA,473
332,09,079,CALDAS,PACORA,683
333,09,082,CALDAS,PALESTINA,1424
334,09,085,CALDAS,PENSILVANIA,1205
335,09,103,CALDAS,RIOSUCIO,1333
336,09,106,CALDAS,RISARALDA,608
337,09,109,CALDAS,SALAMINA,687
338,09,115,CALDAS,SAMANA,1258
339,09,120,CALDAS,SAN JOSE,631
340,09,124,CALDAS,SUPIA,1148
341,09,127,CALDAS,VICTORIA,872
342,09,130,CALDAS,VILLAMARIA,4152
343,09,133,CALDAS,VITERBO,696
344,11,001,CAUCA,POPAYAN,14154
345,11,004,CAUCA,ALMAGUER,1175
346,11,005,CAUCA,ARGELIA,3138
347,11,006,CAUCA,BALBOA,881
348,11,007,CAUCA,BOLIVAR,1505
349,11,010,CAUCA,BUENOS AIRES,1576
350,11,013,CAUCA,CAJIBIO,1862
351,11,016,CAUCA,CALDONO,1548
352,11,019,CAUCA,CALOTO,1484
353,11,022,CAUCA,CORINTO,919
354,11,025,CAUCA,EL TAMBO,2028
355,11,027,CAUCA,FLORENCIA,297
356,11,028,CAUCA,GUAPI,883
357,11,029,CAUCA,GUACHENE,2381
358,11,031,CAUCA,INZA,1102
359,11,034,CAUCA,JAMBALO,439
360,11,037,CAUCA,LA SIERRA,1087
361,11,040,CAUCA,LA VEGA,2351
362,11,043,CAUCA,LOPEZ (MICAY),1973
363,11,046,CAUCA,MERCADERES,1174
364,11,049,CAUCA,MIRANDA,2149
365,11,052,CAUCA,MORALES,1043
366,11,053,CAUCA,PADILLA,615
367,11,055,CAUCA,PAEZ (BELALCAZAR),1307
368,11,058,CAUCA,PATIA (EL BORDO),1625
369,11,060,CAUCA,PIAMONTE,1369
370,11,061,CAUCA,PIENDAMO,1614
371,11,064,CAUCA,PUERTO TEJADA,2243
372,11,067,CAUCA,PURACE (COCONUCO),1001
373,11,070,CAUCA,ROSAS,820
374,11,073,CAUCA,SAN SEBASTIAN,1065
375,11,076,CAUCA,SANTANDER DE QUILICHAO,3459
376,11,079,CAUCA,SANTA ROSA,896
377,11,082,CAUCA,SILVIA,696
378,11,085,CAUCA,SOTARA (PAISPAMBA),974
379,11,086,CAUCA,SUCRE,1017
380,11,087,CAUCA,SUAREZ,1361
381,11,088,CAUCA,TIMBIO,2210
382,11,091,CAUCA,TIMBIQUI,1849
383,11,094,CAUCA,TORIBIO,641
384,11,097,CAUCA,TOTORO,1602
385,11,098,CAUCA,VILLA RICA,1100
386,12,001,CESAR,VALLEDUPAR,35826
387,12,075,CESAR,AGUACHICA,6121
388,12,150,CESAR,AGUSTIN CODAZZI,4791
389,12,170,CESAR,ASTREA,2143
390,12,180,CESAR,BECERRIL,2476
391,12,200,CESAR,BOSCONIA,3331
392,12,225,CESAR,CURUMANI,3458
393,12,300,CESAR,CHIMICHAGUA,2740
394,12,375,CESAR,CHIRIGUANA,2663
395,12,410,CESAR,EL COPEY,5291
396,12,415,CESAR,EL PASO,3916
397,12,450,CESAR,GAMARRA,1274
398,12,525,CESAR,GONZALEZ,673
399,12,600,CESAR,LA GLORIA,1435
400,12,608,CESAR,LA JAGUA DE IBIRICO,4373
401,12,625,CESAR,MANAURE BALCON DEL CESAR (MANA,1268
402,12,650,CESAR,PAILITAS,1410
403,12,700,CESAR,PELAYA,1893
404,12,720,CESAR,PUEBLO BELLO,2517
405,12,750,CESAR,RIO DE ORO,1956
406,12,800,CESAR,SAN ALBERTO,1969
407,12,825,CESAR,LA PAZ,3248
408,12,850,CESAR,SAN DIEGO,1979
409,12,875,CESAR,SAN MARTIN,2497
410,12,900,CESAR,TAMALAMEQUE,1453
411,13,001,CORDOBA,MONTERIA,58135
412,13,004,CORDOBA,AYAPEL,3169
413,13,007,CORDOBA,BUENAVISTA,1913
414,13,009,CORDOBA,CANALETE,2113
415,13,010,CORDOBA,CERETE,5188
416,13,013,CORDOBA,CIENAGA DE ORO,4566
417,13,014,CORDOBA,COTORRA (BONGO),1326
418,13,016,CORDOBA,CHIMA,1102
419,13,019,CORDOBA,CHINU,3470
420,13,020,CORDOBA,LA APARTADA (FRONTERA),1526
421,13,022,CORDOBA,LORICA,11532
422,13,023,CORDOBA,LOS CORDOBAS,2492
423,13,024,CORDOBA,MOMIL,1492
424,13,025,CORDOBA,MONTELIBANO,5818
425,13,027,CORDOBA,MOÑITOS,1947
426,13,028,CORDOBA,PLANETA RICA,3765
427,13,031,CORDOBA,PUEBLO NUEVO,2885
428,13,032,CORDOBA,PUERTO LIBERTADOR,3599
429,13,033,CORDOBA,PUERTO ESCONDIDO,1892
430,13,034,CORDOBA,PURISIMA,1398
431,13,037,CORDOBA,SAHAGUN,11975
432,13,040,CORDOBA,SAN ANDRES DE SOTAVENTO,1373
433,13,043,CORDOBA,SAN ANTERO,2300
434,13,046,CORDOBA,SAN BERNARDO DEL VIENTO,2845
435,13,049,CORDOBA,SAN CARLOS,2278
436,13,052,CORDOBA,SAN JOSE DE URE,1360
437,13,055,CORDOBA,SAN PELAYO,6027
438,13,058,CORDOBA,TIERRALTA,7210
439,13,060,CORDOBA,TUCHIN,3745
440,13,061,CORDOBA,VALENCIA,2854
441,15,004,CUNDINAMARCA,AGUA DE DIOS,960
442,15,007,CUNDINAMARCA,ALBAN,815
443,15,010,CUNDINAMARCA,ANAPOIMA,1411
444,15,013,CUNDINAMARCA,ANOLAIMA,1068
445,15,016,CUNDINAMARCA,ARBELAEZ,715
446,15,019,CUNDINAMARCA,BELTRAN,289
447,15,022,CUNDINAMARCA,BITUIMA,396
448,15,025,CUNDINAMARCA,BOJACA,606
449,15,029,CUNDINAMARCA,CABRERA,449
450,15,030,CUNDINAMARCA,CACHIPAY,1098
451,15,031,CUNDINAMARCA,CAJICA,6706
452,15,034,CUNDINAMARCA,CAPARRAPI,1138
453,15,037,CUNDINAMARCA,CAQUEZA,906
454,15,040,CUNDINAMARCA,CARMEN DE CARUPA,376
455,15,043,CUNDINAMARCA,COGUA,1407
456,15,046,CUNDINAMARCA,COTA,4068
457,15,049,CUNDINAMARCA,CUCUNUBA,635
458,15,052,CUNDINAMARCA,CHAGUANI,521
459,15,055,CUNDINAMARCA,CHIA,6371
460,15,058,CUNDINAMARCA,CHIPAQUE,618
461,15,061,CUNDINAMARCA,CHOACHI,808
462,15,064,CUNDINAMARCA,CHOCONTA,762
463,15,067,CUNDINAMARCA,EL COLEGIO,3827
464,15,070,CUNDINAMARCA,EL PEÑON,709
465,15,072,CUNDINAMARCA,EL ROSAL,1633
466,15,076,CUNDINAMARCA,FACATATIVA,5530
467,15,079,CUNDINAMARCA,FOMEQUE,548
468,15,085,CUNDINAMARCA,FOSCA,378
469,15,088,CUNDINAMARCA,FUNZA,7359
470,15,091,CUNDINAMARCA,FUQUENE,458
471,15,094,CUNDINAMARCA,FUSAGASUGA,9539
472,15,097,CUNDINAMARCA,GACHALA,413
473,15,100,CUNDINAMARCA,GACHANCIPA,1542
474,15,103,CUNDINAMARCA,GACHETA,568
475,15,106,CUNDINAMARCA,GAMA,237
476,15,109,CUNDINAMARCA,GIRARDOT,6600
477,15,112,CUNDINAMARCA,GUACHETA,940
478,15,115,CUNDINAMARCA,GUADUAS,2118
479,15,118,CUNDINAMARCA,GUASCA,809
480,15,121,CUNDINAMARCA,GUATAQUI,456
481,15,124,CUNDINAMARCA,GUATAVITA,297
482,15,127,CUNDINAMARCA,GUAYABAL DE SIQUIMA,587
483,15,128,CUNDINAMARCA,GUAYABETAL,517
484,15,130,CUNDINAMARCA,GUTIERREZ,221
485,15,132,CUNDINAMARCA,GRANADA,783
486,15,133,CUNDINAMARCA,JERUSALEN,400
487,15,136,CUNDINAMARCA,JUNIN,580
488,15,139,CUNDINAMARCA,LA CALERA,4273
489,15,142,CUNDINAMARCA,LA MESA,3031
490,15,145,CUNDINAMARCA,LA PALMA,933
491,15,148,CUNDINAMARCA,LA PEÑA,808
492,15,151,CUNDINAMARCA,LA VEGA,1528
493,15,154,CUNDINAMARCA,LENGUAZAQUE,600
494,15,157,CUNDINAMARCA,MACHETA,494
495,15,160,CUNDINAMARCA,MADRID,8063
496,15,163,CUNDINAMARCA,MANTA,327
497,15,166,CUNDINAMARCA,MEDINA,909
498,15,169,CUNDINAMARCA,MOSQUERA,9990
499,15,172,CUNDINAMARCA,NARIÑO,370
500,15,175,CUNDINAMARCA,NEMOCON,1317
501,15,178,CUNDINAMARCA,NILO,1009
502,15,181,CUNDINAMARCA,NIMAIMA,625
503,15,184,CUNDINAMARCA,NOCAIMA,611
504,15,190,CUNDINAMARCA,PACHO,3137
505,15,193,CUNDINAMARCA,PAIME,998
506,15,196,CUNDINAMARCA,PANDI,890
507,15,198,CUNDINAMARCA,PARATEBUENO (LA NAGUAYA),1290
508,15,199,CUNDINAMARCA,PASCA,745
509,15,202,CUNDINAMARCA,PUERTO SALGAR,1333
510,15,205,CUNDINAMARCA,PULI,510
511,15,208,CUNDINAMARCA,QUEBRADANEGRA,619
512,15,211,CUNDINAMARCA,QUETAME,632
513,15,214,CUNDINAMARCA,QUIPILE,947
514,15,217,CUNDINAMARCA,APULO,892
515,15,218,CUNDINAMARCA,RICAURTE,1468
516,15,220,CUNDINAMARCA,SAN ANTONIO DEL TEQUENDAMA,1167
517,15,223,CUNDINAMARCA,SAN BERNARDO,716
518,15,226,CUNDINAMARCA,SAN CAYETANO,720
519,15,229,CUNDINAMARCA,SAN FRANCISCO,1351
520,15,232,CUNDINAMARCA,SAN JUAN DE RIOSECO,1010
521,15,235,CUNDINAMARCA,SASAIMA,1109
522,15,238,CUNDINAMARCA,SESQUILE,736
523,15,239,CUNDINAMARCA,SIBATE,2675
524,15,241,CUNDINAMARCA,SILVANIA,2266
525,15,244,CUNDINAMARCA,SIMIJACA,637
526,15,247,CUNDINAMARCA,SOACHA,40995
527,15,250,CUNDINAMARCA,SOPO,1375
528,15,256,CUNDINAMARCA,SUBACHOQUE,359
529,15,259,CUNDINAMARCA,SUESCA,783
530,15,262,CUNDINAMARCA,SUPATA,604
531,15,265,CUNDINAMARCA,SUSA,273
532,15,268,CUNDINAMARCA,SUTATAUSA,455
533,15,271,CUNDINAMARCA,TABIO,867
534,15,274,CUNDINAMARCA,TAUSA,519
535,15,277,CUNDINAMARCA,TENA,1451
536,15,280,CUNDINAMARCA,TENJO,1621
537,15,283,CUNDINAMARCA,TIBACUY,827
538,15,286,CUNDINAMARCA,TIBIRITA,370
539,15,289,CUNDINAMARCA,TOCAIMA,1084
540,15,292,CUNDINAMARCA,TOCANCIPA,5696
541,15,295,CUNDINAMARCA,TOPAIPI,750
542,15,298,CUNDINAMARCA,UBALA,1095
543,15,301,CUNDINAMARCA,UBAQUE,641
544,15,304,CUNDINAMARCA,UBATE,1653
545,15,307,CUNDINAMARCA,UNE,487
546,15,316,CUNDINAMARCA,UTICA,500
547,15,318,CUNDINAMARCA,VENECIA,601
548,15,319,CUNDINAMARCA,VERGARA,746
549,15,322,CUNDINAMARCA,VIANI,718
550,15,323,CUNDINAMARCA,VILLAGOMEZ,401
551,15,325,CUNDINAMARCA,VILLAPINZON,334
552,15,328,CUNDINAMARCA,VILLETA,1793
553,15,331,CUNDINAMARCA,VIOTA,1723
554,15,334,CUNDINAMARCA,YACOPI,1432
555,15,337,CUNDINAMARCA,ZIPACON,632
556,15,340,CUNDINAMARCA,ZIPAQUIRA,5621
557,16,001,"BOGOTA, D. C.",BOGOTA. D.C.,423622
558,17,001,CHOCO,QUIBDO,6201
559,17,002,CHOCO,ATRATO (YUTO),1855
560,17,004,CHOCO,ACANDI,1310
561,17,006,CHOCO,ALTO BAUDO (PIE DE PATO),1628
562,17,007,CHOCO,BAGADO,1453
563,17,008,CHOCO,BAHIA SOLANO (MUTIS),993
564,17,010,CHOCO,BAJO BAUDO (PIZARRO),2055
565,17,011,CHOCO,BOJAYA (BELLAVISTA),2168
566,17,012,CHOCO,MEDIO ATRATO (BETE),1514
567,17,013,CHOCO,CONDOTO,907
568,17,014,CHOCO,CERTEGUI,691
569,17,015,CHOCO,CARMEN DEL DARIEN,2025
570,17,016,CHOCO,EL CARMEN,902
571,17,017,CHOCO,EL CANTON DEL SAN PABLO (MAN.,958
572,17,019,CHOCO,ISTMINA,1809
573,17,022,CHOCO,JURADO,517
574,17,025,CHOCO,LLORO,1238
575,17,026,CHOCO,MEDIO BAUDO (PUERTO MELUK),1980
576,17,027,CHOCO,MEDIO SAN JUAN,1267
577,17,028,CHOCO,NOVITA,638
578,17,031,CHOCO,NUQUI,843
579,17,032,CHOCO,RIO IRO,707
580,17,034,CHOCO,RIOSUCIO,5436
581,17,035,CHOCO,RIO QUITO (PAIMADO),868
582,17,037,CHOCO,SAN JOSE DEL PALMAR,736
583,17,038,CHOCO,EL LITORAL DEL SAN JUAN,1534
584,17,040,CHOCO,SIPI,593
585,17,043,CHOCO,TADO,1016
586,17,048,CHOCO,UNGUIA,1132
587,17,060,CHOCO,UNION PANAMERICANA (LAS ANIMAS,679
588,19,001,HUILA,NEIVA,22496
589,19,004,HUILA,ACEVEDO,2008
590,19,007,HUILA,AGRADO,899
591,19,010,HUILA,AIPE,1666
592,19,013,HUILA,ALGECIRAS,2259
593,19,016,HUILA,ALTAMIRA,610
594,19,019,HUILA,BARAYA,781
595,19,022,HUILA,CAMPOALEGRE,1643
596,19,025,HUILA,TESALIA (CARNICERIAS),613
597,19,028,HUILA,COLOMBIA,620
598,19,031,HUILA,ELIAS,371
599,19,034,HUILA,GARZON,3745
600,19,037,HUILA,GIGANTE,1385
601,19,040,HUILA,GUADALUPE,1122
602,19,043,HUILA,HOBO,586
603,19,044,HUILA,ISNOS,1021
604,19,046,HUILA,IQUIRA,1031
605,19,047,HUILA,LA ARGENTINA (PLATA VIEJA),916
606,19,049,HUILA,LA PLATA,2141
607,19,050,HUILA,NATAGA,547
608,19,051,HUILA,OPORAPA,600
609,19,052,HUILA,PAICOL,582
610,19,055,HUILA,PALERMO,2706
611,19,056,HUILA,PALESTINA,963
612,19,058,HUILA,PITAL,738
613,19,061,HUILA,PITALITO,7465
614,19,064,HUILA,RIVERA,2160
615,19,067,HUILA,SALADOBLANCO,805
616,19,070,HUILA,SAN AGUSTIN,1407
617,19,074,HUILA,SANTA MARIA,534
618,19,076,HUILA,SUAZA,1856
619,19,079,HUILA,TARQUI,993
620,19,082,HUILA,TELLO,1243
621,19,085,HUILA,TERUEL,511
622,19,088,HUILA,TIMANA,1366
623,19,091,HUILA,VILLAVIEJA,916
624,19,094,HUILA,YAGUARA,435
625,21,001,MAGDALENA,SANTA MARTA,50584
626,21,008,MAGDALENA,ALGARROBO,1276
627,21,010,MAGDALENA,ARACATACA,4154
628,21,012,MAGDALENA,ARIGUANI (EL DIFICIL),2369
629,21,013,MAGDALENA,CERRO DE SAN ANTONIO,899
630,21,015,MAGDALENA,CHIVOLO,1085
631,21,016,MAGDALENA,CIENAGA,8757
632,21,020,MAGDALENA,CONCORDIA,869
633,21,025,MAGDALENA,EL BANCO,5272
634,21,028,MAGDALENA,EL PIÑON,1227
635,21,030,MAGDALENA,EL RETEN,1685
636,21,031,MAGDALENA,FUNDACION,6528
637,21,040,MAGDALENA,GUAMAL,1999
638,21,042,MAGDALENA,NUEVA GRANADA,1745
639,21,046,MAGDALENA,PEDRAZA,1050
640,21,048,MAGDALENA,PIJIÑO DEL CARMEN,853
641,21,049,MAGDALENA,PIVIJAY,3289
642,21,052,MAGDALENA,PLATO,3421
643,21,055,MAGDALENA,PUEBLOVIEJO,2242
644,21,058,MAGDALENA,REMOLINO,623
645,21,060,MAGDALENA,SABANAS DE SAN ANGEL,2002
646,21,067,MAGDALENA,SALAMINA,760
647,21,070,MAGDALENA,SAN SEBASTIAN DE BUENAVISTA,1771
648,21,073,MAGDALENA,SAN ZENON,1359
649,21,076,MAGDALENA,SANTA ANA,1473
650,21,078,MAGDALENA,SANTA BARBARA DE PINTO,900
651,21,079,MAGDALENA,SITIONUEVO,3030
652,21,085,MAGDALENA,TENERIFE,749
653,21,090,MAGDALENA,ZAPAYAN,901
654,21,095,MAGDALENA,ZONA BANANERA (SEVILLA),6757
655,23,001,NARIÑO,PASTO,17108
656,23,004,NARIÑO,ALBAN (SAN JOSE),529
657,23,007,NARIÑO,ALDANA,403
658,23,010,NARIÑO,ANCUYA,650
659,23,013,NARIÑO,ARBOLEDA (BERRUECOS),499
660,23,016,NARIÑO,BARBACOAS,2250
661,23,017,NARIÑO,BELEN,355
662,23,019,NARIÑO,BUESACO,1209
663,23,022,NARIÑO,COLON (GENOVA),556
664,23,025,NARIÑO,CONSACA,675
665,23,028,NARIÑO,CONTADERO,657
666,23,031,NARIÑO,CORDOBA,672
667,23,034,NARIÑO,CUASPUD (CARLOSAMA),505
668,23,037,NARIÑO,CUMBAL,537
669,23,038,NARIÑO,CHACHAGUI,1177
670,23,039,NARIÑO,CUMBITARA,1023
671,23,040,NARIÑO,EL ROSARIO,1882
672,23,041,NARIÑO,EL CHARCO,1563
673,23,043,NARIÑO,EL TABLON,866
674,23,044,NARIÑO,EL PEÑOL,494
675,23,046,NARIÑO,EL TAMBO,564
676,23,047,NARIÑO,FRANCISCO PIZARRO (SALAHONDA),1288
677,23,049,NARIÑO,FUNES,607
678,23,052,NARIÑO,GUACHUCAL,474
679,23,055,NARIÑO,GUAITARILLA,622
680,23,058,NARIÑO,GUALMATAN,187
681,23,061,NARIÑO,ILES,573
682,23,064,NARIÑO,IMUES,722
683,23,067,NARIÑO,IPIALES,4549
684,23,073,NARIÑO,LA CRUZ,778
685,23,076,NARIÑO,LA FLORIDA,1031
686,23,077,NARIÑO,LA LLANADA,491
687,23,078,NARIÑO,LA TOLA,331
688,23,079,NARIÑO,LA UNION,1285
689,23,080,NARIÑO,LEIVA,1042
690,23,082,NARIÑO,LINARES,715
691,23,085,NARIÑO,LOS ANDES (SOTOMAYOR),517
692,23,088,NARIÑO,MAGUI (PAYAN),807
693,23,091,NARIÑO,MALLAMA (PIEDRANCHA),610
694,23,094,NARIÑO,MOSQUERA,798
695,23,095,NARIÑO,OLAYA HERRERA,1068
696,23,096,NARIÑO,NARIÑO,224
697,23,097,NARIÑO,OSPINA,423
698,23,098,NARIÑO,POLICARPA,1458
699,23,100,NARIÑO,POTOSI,674
700,23,101,NARIÑO,PROVIDENCIA,275
701,23,103,NARIÑO,PUERRES,396
702,23,106,NARIÑO,PUPIALES,657
703,23,109,NARIÑO,RICAURTE,1937
704,23,112,NARIÑO,ROBERTO PAYAN (SAN JOSE),1505
705,23,115,NARIÑO,SAMANIEGO,1236
706,23,118,NARIÑO,SANDONA,922
707,23,120,NARIÑO,SAN BERNARDO,294
708,23,121,NARIÑO,SAN LORENZO,1098
709,23,123,NARIÑO,SAN PEDRO DE CARTAGO,276
710,23,124,NARIÑO,SAN PABLO,726
711,23,125,NARIÑO,SANTA BARBARA (ISCUANDE),1175
712,23,127,NARIÑO,SANTACRUZ (GUACHAVES),743
713,23,130,NARIÑO,SAPUYES,501
714,23,133,NARIÑO,TAMINANGO,815
715,23,136,NARIÑO,TANGUA,1513
716,23,139,NARIÑO,TUMACO,12370
717,23,142,NARIÑO,TUQUERRES,883
718,23,145,NARIÑO,YACUANQUER,564
719,24,001,RISARALDA,PEREIRA,38279
720,24,008,RISARALDA,APIA,813
721,24,013,RISARALDA,BALBOA,734
722,24,021,RISARALDA,BELEN DE UMBRIA,1231
723,24,025,RISARALDA,DOSQUEBRADAS,12988
724,24,029,RISARALDA,GUATICA,853
725,24,038,RISARALDA,LA CELIA,473
726,24,046,RISARALDA,LA VIRGINIA,1571
727,24,054,RISARALDA,MARSELLA,1062
728,24,062,RISARALDA,MISTRATO,734
729,24,070,RISARALDA,PUEBLO RICO,1299
730,24,078,RISARALDA,QUINCHIA,1311
731,24,086,RISARALDA,SANTA ROSA DE CABAL,3551
732,24,094,RISARALDA,SANTUARIO,843
733,25,001,NORTE DE SAN,CUCUTA,172168
734,25,004,NORTE DE SAN,ABREGO,2071
735,25,007,NORTE DE SAN,ARBOLEDAS,750
736,25,010,NORTE DE SAN,BOCHALEMA,983
737,25,013,NORTE DE SAN,BUCARASICA,773
738,25,016,NORTE DE SAN,CACOTA,317
739,25,019,NORTE DE SAN,CACHIRA,1192
740,25,022,NORTE DE SAN,CONVENCION,1405
741,25,025,NORTE DE SAN,CUCUTILLA,541
742,25,028,NORTE DE SAN,CHINACOTA,1081
743,25,031,NORTE DE SAN,CHITAGA,855
744,25,034,NORTE DE SAN,DURANIA,480
745,25,036,NORTE DE SAN,EL TARRA,2280
746,25,037,NORTE DE SAN,EL CARMEN,1102
747,25,038,NORTE DE SAN,EL ZULIA,2889
748,25,040,NORTE DE SAN,GRAMALOTE,568
749,25,043,NORTE DE SAN,HACARI,1148
750,25,046,NORTE DE SAN,HERRAN,385
751,25,049,NORTE DE SAN,LABATECA,531
752,25,051,NORTE DE SAN,LA ESPERANZA,1701
753,25,052,NORTE DE SAN,LA PLAYA,926
754,25,054,NORTE DE SAN,LOS PATIOS,13994
755,25,055,NORTE DE SAN,LOURDES,404
756,25,058,NORTE DE SAN,MUTISCUA,340
757,25,061,NORTE DE SAN,OCAÑA,9950
758,25,064,NORTE DE SAN,PAMPLONA,3464
759,25,067,NORTE DE SAN,PAMPLONITA,522
760,25,069,NORTE DE SAN,PUERTO SANTANDER,1992
761,25,070,NORTE DE SAN,RAGONVALIA,1093
762,25,073,NORTE DE SAN,SALAZAR,1169
763,25,076,NORTE DE SAN,SAN CALIXTO,1155
764,25,079,NORTE DE SAN,SAN CAYETANO,1208
765,25,082,NORTE DE SAN,SANTIAGO,273
766,25,085,NORTE DE SAN,SARDINATA,1893
767,25,088,NORTE DE SAN,SILOS,971
768,25,091,NORTE DE SAN,TEORAMA,2580
769,25,093,NORTE DE SAN,TIBU,5009
770,25,094,NORTE DE SAN,TOLEDO,1403
771,25,097,NORTE DE SAN,VILLA CARO,439
772,25,100,NORTE DE SAN,VILLA DEL ROSARIO,16277
773,26,001,QUINDIO,ARMENIA,17838
774,26,005,QUINDIO,BUENAVISTA,412
775,26,010,QUINDIO,CALARCA,3413
776,26,020,QUINDIO,CIRCASIA,1727
777,26,025,QUINDIO,CORDOBA,654
778,26,030,QUINDIO,FILANDIA,945
779,26,040,QUINDIO,GENOVA,566
780,26,050,QUINDIO,LA TEBAIDA,1802
781,26,060,QUINDIO,MONTENEGRO,1852
782,26,070,QUINDIO,PIJAO,569
783,26,080,QUINDIO,QUIMBAYA,2131
784,26,090,QUINDIO,SALENTO,539
785,27,001,SANTANDER,BUCARAMANGA,48183
786,27,004,SANTANDER,AGUADA,112
787,27,007,SANTANDER,ALBANIA,446
788,27,010,SANTANDER,ARATOCA,449
789,27,013,SANTANDER,BARBOSA,2439
790,27,016,SANTANDER,BARICHARA,570
791,27,019,SANTANDER,BARRANCABERMEJA,17965
792,27,022,SANTANDER,BETULIA,877
793,27,025,SANTANDER,BOLIVAR,819
794,27,028,SANTANDER,CABRERA,187
795,27,031,SANTANDER,CALIFORNIA,202
796,27,034,SANTANDER,CAPITANEJO,422
797,27,037,SANTANDER,CARCASI,482
798,27,040,SANTANDER,CEPITA,236
799,27,043,SANTANDER,CERRITO,639
800,27,045,SANTANDER,CIMITARRA,3892
801,27,046,SANTANDER,CONCEPCION,393
802,27,049,SANTANDER,CONFINES,425
803,27,052,SANTANDER,CONTRATACION,333
804,27,055,SANTANDER,COROMORO,376
805,27,058,SANTANDER,CURITI,1139
806,27,061,SANTANDER,CHARALA,836
807,27,064,SANTANDER,CHARTA,408
808,27,067,SANTANDER,CHIMA,339
809,27,070,SANTANDER,CHIPATA,428
810,27,071,SANTANDER,EL CARMEN,1255
811,27,073,SANTANDER,EL GUACAMAYO,159
812,27,074,SANTANDER,EL PLAYON,1501
813,27,075,SANTANDER,EL PEÑON,414
814,27,076,SANTANDER,ENCINO,204
815,27,079,SANTANDER,ENCISO,460
816,27,080,SANTANDER,FLORIAN,723
817,27,082,SANTANDER,FLORIDABLANCA,32923
818,27,085,SANTANDER,GALAN,311
819,27,088,SANTANDER,GAMBITA,382
820,27,091,SANTANDER,GIRON,21270
821,27,094,SANTANDER,GUACA,629
822,27,097,SANTANDER,GUADALUPE,527
823,27,100,SANTANDER,GUAPOTA,215
824,27,103,SANTANDER,GUAVATA,465
825,27,106,SANTANDER,GUEPSA,391
826,27,109,SANTANDER,HATO,235
827,27,112,SANTANDER,JESUS MARIA,348
828,27,115,SANTANDER,JORDAN,147
829,27,118,SANTANDER,LA PAZ,338
830,27,119,SANTANDER,LA BELLEZA,609
831,27,120,SANTANDER,LANDAZURI,1375
832,27,121,SANTANDER,LEBRIJA,3417
833,27,124,SANTANDER,LOS SANTOS,1081
834,27,127,SANTANDER,MACARAVITA,232
835,27,130,SANTANDER,MALAGA,1076
836,27,133,SANTANDER,MATANZA,728
837,27,136,SANTANDER,MOGOTES,704
838,27,139,SANTANDER,MOLAGAVITA,350
839,27,142,SANTANDER,OCAMONTE,354
840,27,145,SANTANDER,OIBA,897
841,27,148,SANTANDER,ONZAGA,256
842,27,151,SANTANDER,PALMAR,216
843,27,154,SANTANDER,PALMAS DEL SOCORRO,314
844,27,157,SANTANDER,PARAMO,726
845,27,160,SANTANDER,PIEDECUESTA,16152
846,27,163,SANTANDER,PINCHOTE,462
847,27,166,SANTANDER,PUENTE NACIONAL,1276
848,27,167,SANTANDER,PUERTO PARRA,1059
849,27,169,SANTANDER,PUERTO WILCHES,2893
850,27,172,SANTANDER,RIONEGRO,3755
851,27,174,SANTANDER,SABANA DE TORRES,2487
852,27,175,SANTANDER,SAN ANDRES,601
853,27,178,SANTANDER,SAN BENITO,130
854,27,181,SANTANDER,SAN GIL,3608
855,27,184,SANTANDER,SAN JOAQUIN,206
856,27,187,SANTANDER,SAN JOSE DE MIRANDA,578
857,27,190,SANTANDER,SAN MIGUEL,234
858,27,193,SANTANDER,SAN VICENTE DE CHUCURI,2090
859,27,194,SANTANDER,SANTA HELENA DEL OPON,518
860,27,195,SANTANDER,SANTA BARBARA,518
861,27,196,SANTANDER,SIMACOTA,782
862,27,199,SANTANDER,SOCORRO,1729
863,27,202,SANTANDER,SUAITA,784
864,27,205,SANTANDER,SUCRE,580
865,27,208,SANTANDER,SURATA,519
866,27,211,SANTANDER,TONA,1007
867,27,217,SANTANDER,VALLE DE SAN JOSE,423
868,27,219,SANTANDER,VETAS,76
869,27,220,SANTANDER,VELEZ,1256
870,27,221,SANTANDER,VILLANUEVA,386
871,27,223,SANTANDER,ZAPATOCA,660
872,28,001,SUCRE,SINCELEJO,18583
873,28,010,SUCRE,BUENAVISTA,614
874,28,020,SUCRE,CAIMITO,761
875,28,030,SUCRE,COLOSO (RICAURTE),784
876,28,040,SUCRE,COROZAL,4035
877,28,041,SUCRE,COVEÑAS,1073
878,28,042,SUCRE,EL ROBLE,982
879,28,045,SUCRE,CHALAN,276
880,28,048,SUCRE,GALERAS (NUEVA GRANADA),1264
881,28,049,SUCRE,GUARANDA,1405
882,28,050,SUCRE,LA UNION,937
883,28,055,SUCRE,LOS PALMITOS,1706
884,28,060,SUCRE,MAJAGUAL,3107
885,28,080,SUCRE,MORROA,1371
886,28,100,SUCRE,OVEJAS,1884
887,28,120,SUCRE,PALMITO,1134
888,28,160,SUCRE,SAMPUES,2233
889,28,180,SUCRE,SAN BENITO ABAD,2451
890,28,190,SUCRE,SAN JUAN DE BETULIA (BETULIA),639
891,28,200,SUCRE,SAN MARCOS,3163
892,28,220,SUCRE,SAN ONOFRE,3778
893,28,240,SUCRE,SAN PEDRO,1148
894,28,260,SUCRE,SINCE,1763
895,28,280,SUCRE,SUCRE,2084
896,28,300,SUCRE,TOLU,2227
897,28,320,SUCRE,TOLUVIEJO,2043
898,29,001,TOLIMA,IBAGUE,30124
899,29,004,TOLIMA,ALPUJARRA,373
900,29,007,TOLIMA,ALVARADO,1061
901,29,010,TOLIMA,AMBALEMA,653
902,29,013,TOLIMA,ANZOATEGUI,924
903,29,016,TOLIMA,ARMERO (GUAYABAL),1073
904,29,019,TOLIMA,ATACO,2099
905,29,022,TOLIMA,CAJAMARCA,1072
906,29,025,TOLIMA,CARMEN DE APICALA,1030
907,29,028,TOLIMA,CASABIANCA,579
908,29,031,TOLIMA,COELLO,1019
909,29,034,TOLIMA,COYAIMA,1578
910,29,037,TOLIMA,CUNDAY,1127
911,29,040,TOLIMA,CHAPARRAL,2191
912,29,043,TOLIMA,DOLORES,846
913,29,046,TOLIMA,ESPINAL,3023
914,29,049,TOLIMA,FALAN,685
915,29,052,TOLIMA,FLANDES,3364
916,29,055,TOLIMA,FRESNO,1864
917,29,058,TOLIMA,GUAMO,2144
918,29,061,TOLIMA,HERVEO,607
919,29,064,TOLIMA,HONDA,1468
920,29,067,TOLIMA,ICONONZO,1332
921,29,070,TOLIMA,LERIDA,1414
922,29,073,TOLIMA,LIBANO,1983
923,29,076,TOLIMA,MARIQUITA,1864
924,29,079,TOLIMA,MELGAR,3312
925,29,080,TOLIMA,MURILLO,607
926,29,082,TOLIMA,NATAGAIMA,1344
927,29,085,TOLIMA,ORTEGA,1740
928,29,087,TOLIMA,PALOCABILDO,797
929,29,088,TOLIMA,PIEDRAS,680
930,29,089,TOLIMA,PLANADAS,2270
931,29,091,TOLIMA,PRADO,802
932,29,094,TOLIMA,PURIFICACION,1270
933,29,097,TOLIMA,RIOBLANCO,1583
934,29,100,TOLIMA,RONCESVALLES,488
935,29,103,TOLIMA,ROVIRA,1973
936,29,105,TOLIMA,SALDAÑA,537
937,29,106,TOLIMA,SAN ANTONIO,1044
938,29,109,TOLIMA,SAN LUIS,1321
939,29,112,TOLIMA,SANTA ISABEL,673
940,29,115,TOLIMA,SUAREZ,418
941,29,118,TOLIMA,VALLE DE SAN JUAN,696
942,29,121,TOLIMA,VENADILLO,1323
943,29,124,TOLIMA,VILLAHERMOSA,741
944,29,127,TOLIMA,VILLARRICA,377
945,31,001,VALLE DEL CAUCA,CALI,150107
946,31,004,VALLE DEL CAUCA,ALCALA,1890
947,31,007,VALLE DEL CAUCA,ANDALUCIA,1412
948,31,010,VALLE DEL CAUCA,ANSERMANUEVO,1931
949,31,013,VALLE DEL CAUCA,ARGELIA,555
950,31,016,VALLE DEL CAUCA,BOLIVAR,1908
951,31,019,VALLE DEL CAUCA,BUENAVENTURA,18168
952,31,022,VALLE DEL CAUCA,GUADALAJARA DE BUGA,5739
953,31,025,VALLE DEL CAUCA,BUGALAGRANDE,2050
954,31,028,VALLE DEL CAUCA,CAICEDONIA,1365
955,31,031,VALLE DEL CAUCA,CANDELARIA,7782
956,31,034,VALLE DEL CAUCA,CARTAGO,7455
957,31,037,VALLE DEL CAUCA,DAGUA,4228
958,31,040,VALLE DEL CAUCA,CALIMA (DARIEN),1142
959,31,043,VALLE DEL CAUCA,EL AGUILA,759
960,31,046,VALLE DEL CAUCA,EL CAIRO,698
961,31,049,VALLE DEL CAUCA,EL CERRITO,4451
962,31,052,VALLE DEL CAUCA,EL DOVIO,1036
963,31,055,VALLE DEL CAUCA,FLORIDA,3200
964,31,058,VALLE DEL CAUCA,GINEBRA,1887
965,31,061,VALLE DEL CAUCA,GUACARI,3700
966,31,064,VALLE DEL CAUCA,JAMUNDI,12698
967,31,067,VALLE DEL CAUCA,LA CUMBRE,1226
968,31,070,VALLE DEL CAUCA,LA UNION,1701
969,31,073,VALLE DEL CAUCA,LA VICTORIA,1094
970,31,076,VALLE DEL CAUCA,OBANDO,1447
971,31,079,VALLE DEL CAUCA,PALMIRA,61332
972,31,082,VALLE DEL CAUCA,PRADERA,2945
973,31,085,VALLE DEL CAUCA,RESTREPO,1381
974,31,088,VALLE DEL CAUCA,RIOFRIO,1679
975,31,091,VALLE DEL CAUCA,ROLDANILLO,3650
976,31,094,VALLE DEL CAUCA,SAN PEDRO,1096
977,31,097,VALLE DEL CAUCA,SEVILLA,2552
978,31,100,VALLE DEL CAUCA,TORO,895
979,31,103,VALLE DEL CAUCA,TRUJILLO,1448
980,31,106,VALLE DEL CAUCA,TULUA,15073
981,31,109,VALLE DEL CAUCA,ULLOA,1004
982,31,112,VALLE DEL CAUCA,VERSALLES,627
983,31,115,VALLE DEL CAUCA,VIJES,1073
984,31,118,VALLE DEL CAUCA,YOTOCO,1494
985,31,121,VALLE DEL CAUCA,YUMBO,11405
986,31,124,VALLE DEL CAUCA,ZARZAL,3436
987,40,001,ARAUCA,ARAUCA,6938
988,40,005,ARAUCA,TAME,3309
989,40,010,ARAUCA,ARAUQUITA,4029
990,40,015,ARAUCA,CRAVO NORTE,417
991,40,017,ARAUCA,FORTUL,2146
992,40,020,ARAUCA,PUERTO RONDON,480
993,40,025,ARAUCA,SARAVENA,3091
994,44,001,CAQUETA,FLORENCIA,10621
995,44,002,CAQUETA,ALBANIA,488
996,44,003,CAQUETA,CARTAGENA DEL CHAIRA,2489
997,44,004,CAQUETA,BELEN DE LOS ANDAQUIES,946
998,44,005,CAQUETA,EL DONCELLO,1335
999,44,006,CAQUETA,EL PAUJIL,1028
1000,44,007,CAQUETA,LA MONTAÑITA,1915
1001,44,009,CAQUETA,PUERTO RICO,1607
1002,44,010,CAQUETA,SAN VICENTE DEL CAGUAN,3956
1003,44,012,CAQUETA,CURILLO,843
1004,44,016,CAQUETA,MILAN,1086
1005,44,017,CAQUETA,MORELIA,670
1006,44,020,CAQUETA,SAN JOSE DEL FRAGUA,1422
1007,44,022,CAQUETA,SOLANO,1293
1008,44,024,CAQUETA,SOLITA,658
1009,44,040,CAQUETA,VALPARAISO,647
1010,46,001,CASANARE,YOPAL,13493
1011,46,040,CASANARE,AGUAZUL,2796
1012,46,120,CASANARE,CHAMEZA,224
1013,46,320,CASANARE,HATO COROZAL,1004
1014,46,480,CASANARE,LA SALINA,138
1015,46,520,CASANARE,MANI,1557
1016,46,540,CASANARE,MONTERREY,1278
1017,46,560,CASANARE,NUNCHIA,725
1018,46,640,CASANARE,OROCUE,1333
1019,46,680,CASANARE,PAZ DE ARIPORO (MORENO),1925
1020,46,700,CASANARE,PORE,943
1021,46,760,CASANARE,RECETOR,213
1022,46,800,CASANARE,SABANALARGA,288
1023,46,815,CASANARE,SACAMA,211
1024,46,830,CASANARE,SAN LUIS DE PALENQUE,885
1025,46,840,CASANARE,TAMARA,445
1026,46,850,CASANARE,TAURAMENA,2064
1027,46,865,CASANARE,TRINIDAD,997
1028,46,880,CASANARE,VILLANUEVA,3922
1029,48,001,LA GUAJIRA,RIOHACHA,18592
1030,48,002,LA GUAJIRA,ALBANIA,2561
1031,48,004,LA GUAJIRA,BARRANCAS,2275
1032,48,005,LA GUAJIRA,DIBULLA,3293
1033,48,006,LA GUAJIRA,EL MOLINO,751
1034,48,007,LA GUAJIRA,FONSECA,3115
1035,48,008,LA GUAJIRA,DISTRACCION,963
1036,48,009,LA GUAJIRA,HATONUEVO,1165
1037,48,010,LA GUAJIRA,MAICAO,9910
1038,48,011,LA GUAJIRA,MANAURE,8244
1039,48,012,LA GUAJIRA,LA JAGUA DEL PILAR,383
1040,48,013,LA GUAJIRA,SAN JUAN DEL CESAR,3152
1041,48,016,LA GUAJIRA,URIBIA,10202
1042,48,018,LA GUAJIRA,URUMITA,854
1043,48,020,LA GUAJIRA,VILLANUEVA,1222
1044,50,001,GUAINIA,INIRIDA,4672
1045,50,050,GUAINIA,MAPIRIPANA,97
1046,50,070,GUAINIA,BARRANCO MINAS,396
1047,50,073,GUAINIA,CACAHUAL,44
1048,50,078,GUAINIA,LA GUADALUPE,26
1049,50,083,GUAINIA,MORICHAL (MORICHAL NUEVO),39
1050,50,087,GUAINIA,PANA PANA (CAMPO ALEGRE),107
1051,50,090,GUAINIA,PUERTO COLOMBIA,207
1052,50,092,GUAINIA,SAN FELIPE,83
1053,52,001,META,VILLAVICENCIO,47096
1054,52,005,META,ACACIAS,8744
1055,52,006,META,BARRANCA DE UPIA,1036
1056,52,008,META,CABUYARO,1154
1057,52,010,META,CASTILLA LA NUEVA,1976
1058,52,015,META,CUBARRAL,756
1059,52,020,META,CUMARAL,2357
1060,52,025,META,EL CALVARIO,329
1061,52,027,META,EL CASTILLO,945
1062,52,028,META,EL DORADO,638
1063,52,030,META,FUENTE DE ORO,1297
1064,52,035,META,GRANADA,5289
1065,52,040,META,GUAMAL,1539
1066,52,041,META,LA MACARENA,2715
1067,52,042,META,LEJANIAS,1070
1068,52,043,META,PUERTO GAITAN,12170
1069,52,044,META,MESETAS,1364
1070,52,045,META,PUERTO LOPEZ,3742
1071,52,046,META,MAPIRIPAN,1114
1072,52,047,META,PUERTO CONCORDIA,1412
1073,52,048,META,PUERTO LLERAS,1280
1074,52,049,META,PUERTO RICO,1478
1075,52,050,META,RESTREPO,2746
1076,52,055,META,SAN CARLOS DE GUAROA,2112
1077,52,058,META,SAN JUAN DE ARAMA,774
1078,52,059,META,SAN JUANITO,104
1079,52,060,META,SAN MARTIN DE LOS LLANOS,1592
1080,52,074,META,URIBE,1270
1081,52,080,META,VISTA HERMOSA,1571
1082,54,001,GUAVIARE,SAN JOSE DEL GUAVIARE,4249
1083,54,003,GUAVIARE,CALAMAR,836
1084,54,007,GUAVIARE,EL RETORNO,1383
1085,54,012,GUAVIARE,MIRAFLORES,534
1086,56,001,"ARCHIPIELAGO DE SAN ANDRES, PROVIDENCIA Y SANTA CATALINA",SAN ANDRES,1714
1087,56,004,"ARCHIPIELAGO DE SAN ANDRES, PROVIDENCIA Y SANTA CATALINA",PROVIDENCIA,384
1088,60,001,AMAZONAS,LETICIA,2073
1089,60,007,AMAZONAS,PUERTO NARIÑO,265
1090,60,010,AMAZONAS,EL ENCANTO,41
1091,60,013,AMAZONAS,LA CHORRERA,146
1092,60,016,AMAZONAS,LA PEDRERA,103
1093,60,017,AMAZONAS,LA VICTORIA,26
1094,60,019,AMAZONAS,MIRITI PARANA,80
1095,60,021,AMAZONAS,PUERTO SANTANDER,76
1096,60,022,AMAZONAS,TARAPACA,131
1097,60,030,AMAZONAS,PUERTO ALEGRIA,39
1098,60,040,AMAZONAS,PUERTO ARICA,27
1099,64,001,PUTUMAYO,MOCOA,2723
1100,64,002,PUTUMAYO,PUERTO ASIS,3782
1101,64,004,PUTUMAYO,PUERTO LEGUIZAMO,1279
1102,64,007,PUTUMAYO,COLON,292
1103,64,013,PUTUMAYO,SAN FRANCISCO,392
1104,64,016,PUTUMAYO,SANTIAGO,531
1105,64,018,PUTUMAYO,SAN MIGUEL (LA DORADA),780
1106,64,019,PUTUMAYO,SIBUNDOY,600
1107,64,023,PUTUMAYO,ORITO,2349
1108,64,025,PUTUMAYO,PUERTO GUZMAN,2368
1109,64,026,PUTUMAYO,PUERTO CAICEDO,874
1110,64,028,PUTUMAYO,VALLE DEL GUAMUEZ (LA HORMIGA),2708
1111,64,030,PUTUMAYO,VILLAGARZON,1747
1112,68,001,VAUPES,MITU,1578
1113,68,004,VAUPES,CARURU,172
1114,68,010,VAUPES,MORICHAL (PAPUNAGUA),16
1115,68,013,VAUPES,BUENOS AIRES (PACOA),106
1116,68,017,VAUPES,TARAIRA,290
1117,68,022,VAUPES,YAVARATE,102
1118,72,001,VICHADA,PUERTO CARREÑO,1839
1119,72,002,VICHADA,SANTA ROSALIA,532
1120,72,006,VICHADA,CUMARIBO,2382
1121,72,008,VICHADA,LA PRIMAVERA,934
