,cod_dep,cod_mun,departament,municipality,total
0,01,001,ANTIOQUIA,MEDELLIN,125202
1,01,004,ANTIOQUIA,ABEJORRAL,983
2,01,007,ANTIOQUIA,ABRIAQUI,217
3,01,010,ANTIOQUIA,ALEJANDRIA,751
4,01,013,ANTIOQUIA,AMAGA,1982
5,01,016,ANTIOQUIA,AMALFI,1589
6,01,019,ANTIOQUIA,ANDES,2929
7,01,022,ANTIOQUIA,ANGELOPOLIS,603
8,01,025,ANTIOQUIA,ANGOSTURA,531
9,01,028,ANTIOQUIA,ANORI,1532
10,01,031,ANTIOQUIA,ANTIOQUIA,1807
11,01,034,ANTIOQUIA,ANZA,671
12,01,035,ANTIOQUIA,APARTADO,9773
13,01,037,ANTIOQUIA,ARBOLETES,3181
14,01,039,ANTIOQUIA,ARGELIA,518
15,01,040,ANTIOQUIA,ARMENIA,333
16,01,043,ANTIOQUIA,BARBOSA,4082
17,01,046,ANTIOQUIA,BELMIRA,677
18,01,049,ANTIOQUIA,BELLO,36252
19,01,052,ANTIOQUIA,BETANIA,965
20,01,055,ANTIOQUIA,BETULIA,1304
21,01,058,ANTIOQUIA,BOLIVAR,1488
22,01,061,ANTIOQUIA,BURITICA,1476
23,01,062,ANTIOQUIA,BRICEÑO,1134
24,01,064,ANTIOQUIA,CACERES,2542
25,01,067,ANTIOQUIA,CAICEDO,336
26,01,070,ANTIOQUIA,CALDAS,6285
27,01,073,ANTIOQUIA,CAMPAMENTO,981
28,01,076,ANTIOQUIA,CAÑASGORDAS,1222
29,01,078,ANTIOQUIA,CARACOLI,487
30,01,079,ANTIOQUIA,CARAMANTA,466
31,01,080,ANTIOQUIA,CAREPA,5030
32,01,082,ANTIOQUIA,CARMEN DE VIBORAL,3074
33,01,085,ANTIOQUIA,CAROLINA,447
34,01,088,ANTIOQUIA,CAUCASIA,8305
35,01,091,ANTIOQUIA,CISNEROS,1186
36,01,094,ANTIOQUIA,COCORNA,1855
37,01,097,ANTIOQUIA,CONCEPCION,586
38,01,100,ANTIOQUIA,CONCORDIA,1033
39,01,103,ANTIOQUIA,COPACABANA,6621
40,01,106,ANTIOQUIA,CHIGORODO,4268
41,01,109,ANTIOQUIA,DABEIBA,1748
42,01,112,ANTIOQUIA,DON MATIAS,1569
43,01,115,ANTIOQUIA,EBEJICO,1005
44,01,117,ANTIOQUIA,EL BAGRE,4729
45,01,118,ANTIOQUIA,ENTRERRIOS,579
46,01,121,ANTIOQUIA,ENVIGADO,18478
47,01,124,ANTIOQUIA,FREDONIA,1362
48,01,127,ANTIOQUIA,FRONTINO,1544
49,01,130,ANTIOQUIA,GIRALDO,485
50,01,133,ANTIOQUIA,GIRARDOTA,3230
51,01,136,ANTIOQUIA,GOMEZ PLATA,916
52,01,139,ANTIOQUIA,GRANADA,470
53,01,140,ANTIOQUIA,GUADALUPE,493
54,01,142,ANTIOQUIA,GUARNE,3670
55,01,145,ANTIOQUIA,GUATAPE,844
56,01,148,ANTIOQUIA,HELICONIA,1077
57,01,150,ANTIOQUIA,HISPANIA,639
58,01,151,ANTIOQUIA,ITAGUI,27049
59,01,154,ANTIOQUIA,ITUANGO,1013
60,01,157,ANTIOQUIA,JARDIN,1183
61,01,160,ANTIOQUIA,JERICO,624
62,01,163,ANTIOQUIA,LA CEJA,4369
63,01,166,ANTIOQUIA,LA ESTRELLA,8868
64,01,168,ANTIOQUIA,PUERTO NARE-LA MAGDALENA,2075
65,01,169,ANTIOQUIA,LA UNION,928
66,01,170,ANTIOQUIA,LA PINTADA,846
67,01,172,ANTIOQUIA,LIBORINA,1056
68,01,175,ANTIOQUIA,MACEO,843
69,01,178,ANTIOQUIA,MARINILLA,3631
70,01,181,ANTIOQUIA,MONTEBELLO,561
71,01,184,ANTIOQUIA,MURINDO,610
72,01,187,ANTIOQUIA,MUTATA,4015
73,01,190,ANTIOQUIA,NARIÑO,887
74,01,191,ANTIOQUIA,NECHI,2307
75,01,192,ANTIOQUIA,NECOCLI,4024
76,01,193,ANTIOQUIA,OLAYA,503
77,01,196,ANTIOQUIA,PEÑOL,1261
78,01,199,ANTIOQUIA,PEQUE,689
79,01,202,ANTIOQUIA,PUEBLORRICO,667
80,01,205,ANTIOQUIA,PUERTO BERRIO,3159
81,01,206,ANTIOQUIA,PUERTO TRIUNFO,2304
82,01,208,ANTIOQUIA,REMEDIOS,2279
83,01,211,ANTIOQUIA,RETIRO,2197
84,01,214,ANTIOQUIA,RIONEGRO,10917
85,01,217,ANTIOQUIA,SABANALARGA,566
86,01,218,ANTIOQUIA,SABANETA,9694
87,01,220,ANTIOQUIA,SALGAR,871
88,01,223,ANTIOQUIA,SAN ANDRES,605
89,01,226,ANTIOQUIA,SAN CARLOS,2174
90,01,227,ANTIOQUIA,SAN FRANCISCO,936
91,01,229,ANTIOQUIA,SAN JERONIMO,1124
92,01,230,ANTIOQUIA,SAN JOSE DE LA MONTAÑA,237
93,01,231,ANTIOQUIA,SAN JUAN DE URABA,1760
94,01,232,ANTIOQUIA,SAN LUIS,1772
95,01,235,ANTIOQUIA,SAN PEDRO,1555
96,01,237,ANTIOQUIA,SAN PEDRO DE URABA,3085
97,01,238,ANTIOQUIA,SAN RAFAEL,762
98,01,241,ANTIOQUIA,SAN ROQUE,1805
99,01,244,ANTIOQUIA,SAN VICENTE,931
100,01,247,ANTIOQUIA,SANTA BARBARA,1476
101,01,250,ANTIOQUIA,SANTA ROSA DE OSOS,3584
102,01,253,ANTIOQUIA,SANTO DOMINGO,1529
103,01,256,ANTIOQUIA,SANTUARIO,1761
104,01,259,ANTIOQUIA,SEGOVIA,2835
105,01,262,ANTIOQUIA,SONSON,2462
106,01,265,ANTIOQUIA,SOPETRAN,1337
107,01,268,ANTIOQUIA,TAMESIS,1184
108,01,270,ANTIOQUIA,TARAZA,2404
109,01,271,ANTIOQUIA,TARSO,527
110,01,274,ANTIOQUIA,TITIRIBI,424
111,01,277,ANTIOQUIA,TOLEDO,377
112,01,280,ANTIOQUIA,TURBO,10781
113,01,282,ANTIOQUIA,URAMITA,765
114,01,283,ANTIOQUIA,URRAO,1062
115,01,286,ANTIOQUIA,VALDIVIA,1530
116,01,289,ANTIOQUIA,VALPARAISO,338
117,01,290,ANTIOQUIA,VEGACHI,1009
118,01,291,ANTIOQUIA,VIGIA DEL FUERTE,1113
119,01,292,ANTIOQUIA,VENECIA,1302
120,01,293,ANTIOQUIA,YALI,775
121,01,295,ANTIOQUIA,YARUMAL,2761
122,01,298,ANTIOQUIA,YOLOMBO,1325
123,01,300,ANTIOQUIA,YONDO-CASABE,2955
124,01,301,ANTIOQUIA,ZARAGOZA,3473
125,03,001,ATLANTICO,BARRANQUILLA,197333
126,03,004,ATLANTICO,BARANOA,6031
127,03,007,ATLANTICO,CAMPO DE LA CRUZ,1550
128,03,010,ATLANTICO,CANDELARIA,1648
129,03,013,ATLANTICO,GALAPA,7311
130,03,016,ATLANTICO,JUAN DE ACOSTA,1561
131,03,019,ATLANTICO,LURUACO,2372
132,03,022,ATLANTICO,MALAMBO,13607
133,03,025,ATLANTICO,MANATI,762
134,03,028,ATLANTICO,PALMAR DE VARELA,2100
135,03,031,ATLANTICO,PIOJO,610
136,03,034,ATLANTICO,POLONUEVO,1226
137,03,035,ATLANTICO,PONEDERA,2105
138,03,037,ATLANTICO,PUERTO COLOMBIA,7929
139,03,040,ATLANTICO,REPELON,1677
140,03,043,ATLANTICO,SABANAGRANDE,2581
141,03,046,ATLANTICO,SABANALARGA,5989
142,03,047,ATLANTICO,SANTA LUCIA,911
143,03,049,ATLANTICO,SANTO TOMAS,2280
144,03,052,ATLANTICO,SOLEDAD,64919
145,03,055,ATLANTICO,SUAN,759
146,03,058,ATLANTICO,TUBARA,1132
147,03,061,ATLANTICO,USIACURI,692
148,05,001,BOLIVAR,CARTAGENA,133227
149,05,004,BOLIVAR,ACHI,2659
150,05,005,BOLIVAR,ARENAL,683
151,05,006,BOLIVAR,ALTOS DEL ROSARIO,885
152,05,007,BOLIVAR,ARJONA,4454
153,05,009,BOLIVAR,ARROYO HONDO,1380
154,05,010,BOLIVAR,BARRANCO DE LOBA,1787
155,05,013,BOLIVAR,CALAMAR,1696
156,05,014,BOLIVAR,CANTAGALLO,1194
157,05,015,BOLIVAR,CICUCO,1022
158,05,016,BOLIVAR,CORDOBA,1315
159,05,018,BOLIVAR,CLEMENCIA,1283
160,05,022,BOLIVAR,EL CARMEN DE BOLIVAR,6794
161,05,025,BOLIVAR,EL GUAMO,986
162,05,026,BOLIVAR,HATILLO DE LOBA,1422
163,05,027,BOLIVAR,EL PEÑON,1160
164,05,028,BOLIVAR,MAGANGUE,13570
165,05,031,BOLIVAR,MAHATES,2146
166,05,037,BOLIVAR,MARGARITA,1775
167,05,040,BOLIVAR,MARIA LA BAJA,8703
168,05,041,BOLIVAR,MONTECRISTO,2402
169,05,043,BOLIVAR,MOMPOS,5020
170,05,044,BOLIVAR,MORALES,2186
171,05,050,BOLIVAR,NOROSI,1202
172,05,059,BOLIVAR,PINILLOS,1865
173,05,063,BOLIVAR,REGIDOR,784
174,05,065,BOLIVAR,RIOVIEJO,1230
175,05,070,BOLIVAR,SAN ESTANISLAO,1447
176,05,072,BOLIVAR,SAN CRISTOBAL,609
177,05,073,BOLIVAR,SAN FERNANDO,1587
178,05,076,BOLIVAR,SAN JACINTO,2741
179,05,078,BOLIVAR,SAN JACINTO DEL CAUCA,1546
180,05,079,BOLIVAR,SAN JUAN NEPOMUCENO,2913
181,05,082,BOLIVAR,SAN MARTIN DE LOBA,1755
182,05,084,BOLIVAR,SAN PABLO,2253
183,05,091,BOLIVAR,SANTA CATALINA,1431
184,05,094,BOLIVAR,SANTA ROSA,1102
185,05,095,BOLIVAR,SANTA ROSA DEL SUR,3720
186,05,097,BOLIVAR,SIMITI,1717
187,05,106,BOLIVAR,SOPLAVIENTO,605
188,05,110,BOLIVAR,TALAIGUA NUEVO,1089
189,05,113,BOLIVAR,TIQUISIO (PTO. RICO),2852
190,05,118,BOLIVAR,TURBACO,9020
191,05,121,BOLIVAR,TURBANA,1192
192,05,124,BOLIVAR,VILLANUEVA,1057
193,05,127,BOLIVAR,ZAMBRANO,798
194,07,001,BOYACA,TUNJA,8484
195,07,007,BOYACA,ALMEIDA,303
196,07,008,BOYACA,AQUITANIA (PUEBLOVIEJO),832
197,07,010,BOYACA,ARCABUCO,451
198,07,013,BOYACA,BELEN,486
199,07,016,BOYACA,BERBEO,220
200,07,019,BOYACA,BETEITIVA,270
201,07,022,BOYACA,BOAVITA,473
202,07,025,BOYACA,BOYACA,772
203,07,028,BOYACA,BRICEÑO,246
204,07,031,BOYACA,BUENAVISTA,693
205,07,034,BOYACA,BUSBANZA,112
206,07,037,BOYACA,CALDAS,431
207,07,040,BOYACA,CAMPOHERMOSO,330
208,07,043,BOYACA,CERINZA,409
209,07,046,BOYACA,CIENEGA,370
210,07,049,BOYACA,COMBITA,1422
211,07,052,BOYACA,COPER,464
212,07,055,BOYACA,CORRALES,207
213,07,058,BOYACA,COVARACHIA,301
214,07,059,BOYACA,CUBARA,1285
215,07,060,BOYACA,CUCAITA,271
216,07,061,BOYACA,CUITIVA,417
217,07,064,BOYACA,CHINAVITA,431
218,07,067,BOYACA,CHIQUINQUIRA,3885
219,07,068,BOYACA,CHIQUIZA,527
220,07,070,BOYACA,CHISCAS,306
221,07,073,BOYACA,CHITA,421
222,07,076,BOYACA,CHITARAQUE,642
223,07,077,BOYACA,CHIVATA,269
224,07,078,BOYACA,CHIVOR,293
225,07,079,BOYACA,DUITAMA,5232
226,07,082,BOYACA,EL COCUY,233
227,07,085,BOYACA,EL ESPINO,268
228,07,088,BOYACA,FIRAVITOBA,374
229,07,091,BOYACA,FLORESTA,198
230,07,094,BOYACA,GACHANTIVA,455
231,07,097,BOYACA,GAMEZA,349
232,07,100,BOYACA,GARAGOA,1033
233,07,103,BOYACA,GUACAMAYAS,167
234,07,106,BOYACA,GUATEQUE,821
235,07,109,BOYACA,GUAYATA,422
236,07,112,BOYACA,GUICAN,222
237,07,118,BOYACA,IZA,406
238,07,121,BOYACA,JENESANO,402
239,07,124,BOYACA,JERICO,529
240,07,127,BOYACA,LABRANZAGRANDE,346
241,07,130,BOYACA,LA CAPILLA,202
242,07,136,BOYACA,LA UVITA,325
243,07,137,BOYACA,LA VICTORIA,278
244,07,139,BOYACA,VILLA DE LEIVA,1318
245,07,142,BOYACA,MACANAL,368
246,07,148,BOYACA,MARIPI,965
247,07,151,BOYACA,MIRAFLORES,548
248,07,154,BOYACA,MONGUA,342
249,07,157,BOYACA,MONGUI,465
250,07,160,BOYACA,MONIQUIRA,1791
251,07,161,BOYACA,MOTAVITA,646
252,07,163,BOYACA,MUZO,968
253,07,166,BOYACA,NOBSA,1358
254,07,169,BOYACA,NUEVO COLON,389
255,07,173,BOYACA,OICATA,392
256,07,176,BOYACA,OTANCHE,753
257,07,178,BOYACA,PACHAVITA,263
258,07,179,BOYACA,PAEZ,347
259,07,181,BOYACA,PAIPA,1788
260,07,184,BOYACA,PAJARITO,399
261,07,187,BOYACA,PANQUEBA,298
262,07,190,BOYACA,PAUNA,855
263,07,193,BOYACA,PAYA,374
264,07,199,BOYACA,PAZ DE RIO,357
265,07,202,BOYACA,PESCA,698
266,07,205,BOYACA,PISBA,122
267,07,214,BOYACA,PUERTO BOYACA,5910
268,07,215,BOYACA,QUIPAMA,845
269,07,217,BOYACA,RAMIRIQUI,573
270,07,220,BOYACA,RAQUIRA,538
271,07,223,BOYACA,RONDON,245
272,07,226,BOYACA,SABOYA,969
273,07,232,BOYACA,SACHICA,449
274,07,235,BOYACA,SAMACA,777
275,07,237,BOYACA,SAN EDUARDO,179
276,07,238,BOYACA,SAN JOSE DE PARE,1112
277,07,241,BOYACA,SAN LUIS DE GACENO,510
278,07,247,BOYACA,SAN MATEO,364
279,07,248,BOYACA,SAN MIGUEL DE SEMA,254
280,07,249,BOYACA,SAN PABLO DE BORBUR,1180
281,07,250,BOYACA,SANTANA,730
282,07,251,BOYACA,SANTA MARIA,278
283,07,253,BOYACA,SANTA ROSA DE VITERBO,849
284,07,256,BOYACA,SANTA SOFIA,414
285,07,259,BOYACA,SATIVANORTE,384
286,07,262,BOYACA,SATIVASUR,155
287,07,265,BOYACA,SIACHOQUE,567
288,07,268,BOYACA,SOATA,608
289,07,271,BOYACA,SOCOTA,746
290,07,274,BOYACA,SOCHA,458
291,07,277,BOYACA,SOGAMOSO,5905
292,07,280,BOYACA,SOMONDOCO,349
293,07,281,BOYACA,SORA,360
294,07,282,BOYACA,SORACA,642
295,07,283,BOYACA,SOTAQUIRA,764
296,07,286,BOYACA,SUSACON,255
297,07,289,BOYACA,SUTAMARCHAN,844
298,07,292,BOYACA,SUTATENZA,480
299,07,298,BOYACA,TASCO,498
300,07,301,BOYACA,TENZA,519
301,07,304,BOYACA,TIBANA,340
302,07,307,BOYACA,TIBASOSA,1029
303,07,310,BOYACA,TINJACA,397
304,07,311,BOYACA,TIPACOQUE,317
305,07,313,BOYACA,TOCA,346
306,07,316,BOYACA,TOGUI,632
307,07,319,BOYACA,TOPAGA,339
308,07,322,BOYACA,TOTA,650
309,07,324,BOYACA,TUNUNGUA,212
310,07,325,BOYACA,TURMEQUE,228
311,07,328,BOYACA,TUTA,1270
312,07,331,BOYACA,TUTAZA,380
313,07,334,BOYACA,UMBITA,282
314,07,337,BOYACA,VENTAQUEMADA,625
315,07,340,BOYACA,VIRACACHA,233
316,07,346,BOYACA,ZETAQUIRA,534
317,09,001,CALDAS,MANIZALES,23442
318,09,004,CALDAS,AGUADAS,936
319,09,007,CALDAS,ANSERMA,2350
320,09,013,CALDAS,ARANZAZU,800
321,09,022,CALDAS,BELALCAZAR,1433
322,09,034,CALDAS,CHINCHINA,3265
323,09,037,CALDAS,FILADELFIA,891
324,09,049,CALDAS,LA DORADA,3482
325,09,052,CALDAS,LA MERCED,760
326,09,055,CALDAS,MANZANARES,973
327,09,058,CALDAS,MARMATO,1260
328,09,061,CALDAS,MARQUETALIA,946
329,09,067,CALDAS,MARULANDA,628
330,09,076,CALDAS,NEIRA,1139
331,09,078,CALDAS,NORCASIA,579
332,09,079,CALDAS,PACORA,842
333,09,082,CALDAS,PALESTINA,1792
334,09,085,CALDAS,PENSILVANIA,1172
335,09,103,CALDAS,RIOSUCIO,1636
336,09,106,CALDAS,RISARALDA,1077
337,09,109,CALDAS,SALAMINA,1068
338,09,115,CALDAS,SAMANA,1572
339,09,120,CALDAS,SAN JOSE,950
340,09,124,CALDAS,SUPIA,1008
341,09,127,CALDAS,VICTORIA,941
342,09,130,CALDAS,VILLAMARIA,5775
343,09,133,CALDAS,VITERBO,1057
344,11,001,CAUCA,POPAYAN,17056
345,11,004,CAUCA,ALMAGUER,1263
346,11,005,CAUCA,ARGELIA,3563
347,11,006,CAUCA,BALBOA,1174
348,11,007,CAUCA,BOLIVAR,1564
349,11,010,CAUCA,BUENOS AIRES,2237
350,11,013,CAUCA,CAJIBIO,2460
351,11,016,CAUCA,CALDONO,1940
352,11,019,CAUCA,CALOTO,1635
353,11,022,CAUCA,CORINTO,1860
354,11,025,CAUCA,EL TAMBO,3760
355,11,027,CAUCA,FLORENCIA,395
356,11,028,CAUCA,GUAPI,1187
357,11,029,CAUCA,GUACHENE,1866
358,11,031,CAUCA,INZA,1404
359,11,034,CAUCA,JAMBALO,574
360,11,037,CAUCA,LA SIERRA,1300
361,11,040,CAUCA,LA VEGA,2241
362,11,043,CAUCA,LOPEZ (MICAY),2507
363,11,046,CAUCA,MERCADERES,1363
364,11,049,CAUCA,MIRANDA,2995
365,11,052,CAUCA,MORALES,1708
366,11,053,CAUCA,PADILLA,649
367,11,055,CAUCA,PAEZ (BELALCAZAR),1773
368,11,058,CAUCA,PATIA (EL BORDO),2686
369,11,060,CAUCA,PIAMONTE,1721
370,11,061,CAUCA,PIENDAMO,1970
371,11,064,CAUCA,PUERTO TEJADA,2953
372,11,067,CAUCA,PURACE (COCONUCO),946
373,11,070,CAUCA,ROSAS,1165
374,11,073,CAUCA,SAN SEBASTIAN,902
375,11,076,CAUCA,SANTANDER DE QUILICHAO,4533
376,11,079,CAUCA,SANTA ROSA,1313
377,11,082,CAUCA,SILVIA,716
378,11,085,CAUCA,SOTARA (PAISPAMBA),1644
379,11,086,CAUCA,SUCRE,1035
380,11,087,CAUCA,SUAREZ,1495
381,11,088,CAUCA,TIMBIO,2439
382,11,091,CAUCA,TIMBIQUI,2904
383,11,094,CAUCA,TORIBIO,733
384,11,097,CAUCA,TOTORO,1386
385,11,098,CAUCA,VILLA RICA,1636
386,12,001,CESAR,VALLEDUPAR,25790
387,12,075,CESAR,AGUACHICA,8261
388,12,150,CESAR,AGUSTIN CODAZZI,7105
389,12,170,CESAR,ASTREA,1827
390,12,180,CESAR,BECERRIL,3356
391,12,200,CESAR,BOSCONIA,4093
392,12,225,CESAR,CURUMANI,3338
393,12,300,CESAR,CHIMICHAGUA,2736
394,12,375,CESAR,CHIRIGUANA,3219
395,12,410,CESAR,EL COPEY,2962
396,12,415,CESAR,EL PASO,4361
397,12,450,CESAR,GAMARRA,1422
398,12,525,CESAR,GONZALEZ,414
399,12,600,CESAR,LA GLORIA,1962
400,12,608,CESAR,LA JAGUA DE IBIRICO,5954
401,12,625,CESAR,MANAURE BALCON DEL CESAR (MANA,1366
402,12,650,CESAR,PAILITAS,1892
403,12,700,CESAR,PELAYA,2206
404,12,720,CESAR,PUEBLO BELLO,3956
405,12,750,CESAR,RIO DE ORO,2354
406,12,800,CESAR,SAN ALBERTO,3133
407,12,825,CESAR,LA PAZ,3226
408,12,850,CESAR,SAN DIEGO,2467
409,12,875,CESAR,SAN MARTIN,2652
410,12,900,CESAR,TAMALAMEQUE,1405
411,13,001,CORDOBA,MONTERIA,59503
412,13,004,CORDOBA,AYAPEL,3900
413,13,007,CORDOBA,BUENAVISTA,2480
414,13,009,CORDOBA,CANALETE,2365
415,13,010,CORDOBA,CERETE,8146
416,13,013,CORDOBA,CIENAGA DE ORO,6696
417,13,014,CORDOBA,COTORRA (BONGO),2523
418,13,016,CORDOBA,CHIMA,2141
419,13,019,CORDOBA,CHINU,4958
420,13,020,CORDOBA,LA APARTADA (FRONTERA),2329
421,13,022,CORDOBA,LORICA,14641
422,13,023,CORDOBA,LOS CORDOBAS,3203
423,13,024,CORDOBA,MOMIL,1514
424,13,025,CORDOBA,MONTELIBANO,7888
425,13,027,CORDOBA,MOÑITOS,2166
426,13,028,CORDOBA,PLANETA RICA,5858
427,13,031,CORDOBA,PUEBLO NUEVO,3720
428,13,032,CORDOBA,PUERTO LIBERTADOR,4434
429,13,033,CORDOBA,PUERTO ESCONDIDO,2904
430,13,034,CORDOBA,PURISIMA,1380
431,13,037,CORDOBA,SAHAGUN,18154
432,13,040,CORDOBA,SAN ANDRES DE SOTAVENTO,2745
433,13,043,CORDOBA,SAN ANTERO,2543
434,13,046,CORDOBA,SAN BERNARDO DEL VIENTO,4040
435,13,049,CORDOBA,SAN CARLOS,3085
436,13,052,CORDOBA,SAN JOSE DE URE,2965
437,13,055,CORDOBA,SAN PELAYO,5120
438,13,058,CORDOBA,TIERRALTA,7865
439,13,060,CORDOBA,TUCHIN,2775
440,13,061,CORDOBA,VALENCIA,3519
441,15,004,CUNDINAMARCA,AGUA DE DIOS,1360
442,15,007,CUNDINAMARCA,ALBAN,971
443,15,010,CUNDINAMARCA,ANAPOIMA,2507
444,15,013,CUNDINAMARCA,ANOLAIMA,1351
445,15,016,CUNDINAMARCA,ARBELAEZ,1322
446,15,019,CUNDINAMARCA,BELTRAN,395
447,15,022,CUNDINAMARCA,BITUIMA,576
448,15,025,CUNDINAMARCA,BOJACA,1167
449,15,029,CUNDINAMARCA,CABRERA,585
450,15,030,CUNDINAMARCA,CACHIPAY,1455
451,15,031,CUNDINAMARCA,CAJICA,5632
452,15,034,CUNDINAMARCA,CAPARRAPI,1326
453,15,037,CUNDINAMARCA,CAQUEZA,1295
454,15,040,CUNDINAMARCA,CARMEN DE CARUPA,643
455,15,043,CUNDINAMARCA,COGUA,1616
456,15,046,CUNDINAMARCA,COTA,6770
457,15,049,CUNDINAMARCA,CUCUNUBA,653
458,15,052,CUNDINAMARCA,CHAGUANI,1056
459,15,055,CUNDINAMARCA,CHIA,5852
460,15,058,CUNDINAMARCA,CHIPAQUE,820
461,15,061,CUNDINAMARCA,CHOACHI,1249
462,15,064,CUNDINAMARCA,CHOCONTA,1075
463,15,067,CUNDINAMARCA,EL COLEGIO,3522
464,15,070,CUNDINAMARCA,EL PEÑON,879
465,15,072,CUNDINAMARCA,EL ROSAL,1918
466,15,076,CUNDINAMARCA,FACATATIVA,6909
467,15,079,CUNDINAMARCA,FOMEQUE,782
468,15,085,CUNDINAMARCA,FOSCA,628
469,15,088,CUNDINAMARCA,FUNZA,12178
470,15,091,CUNDINAMARCA,FUQUENE,747
471,15,094,CUNDINAMARCA,FUSAGASUGA,11381
472,15,097,CUNDINAMARCA,GACHALA,766
473,15,100,CUNDINAMARCA,GACHANCIPA,1957
474,15,103,CUNDINAMARCA,GACHETA,696
475,15,106,CUNDINAMARCA,GAMA,530
476,15,109,CUNDINAMARCA,GIRARDOT,7244
477,15,112,CUNDINAMARCA,GUACHETA,891
478,15,115,CUNDINAMARCA,GUADUAS,2993
479,15,118,CUNDINAMARCA,GUASCA,725
480,15,121,CUNDINAMARCA,GUATAQUI,355
481,15,124,CUNDINAMARCA,GUATAVITA,447
482,15,127,CUNDINAMARCA,GUAYABAL DE SIQUIMA,655
483,15,128,CUNDINAMARCA,GUAYABETAL,658
484,15,130,CUNDINAMARCA,GUTIERREZ,305
485,15,132,CUNDINAMARCA,GRANADA,891
486,15,133,CUNDINAMARCA,JERUSALEN,413
487,15,136,CUNDINAMARCA,JUNIN,460
488,15,139,CUNDINAMARCA,LA CALERA,1722
489,15,142,CUNDINAMARCA,LA MESA,3422
490,15,145,CUNDINAMARCA,LA PALMA,1030
491,15,148,CUNDINAMARCA,LA PEÑA,838
492,15,151,CUNDINAMARCA,LA VEGA,1656
493,15,154,CUNDINAMARCA,LENGUAZAQUE,748
494,15,157,CUNDINAMARCA,MACHETA,459
495,15,160,CUNDINAMARCA,MADRID,8455
496,15,163,CUNDINAMARCA,MANTA,383
497,15,166,CUNDINAMARCA,MEDINA,1185
498,15,169,CUNDINAMARCA,MOSQUERA,14677
499,15,172,CUNDINAMARCA,NARIÑO,391
500,15,175,CUNDINAMARCA,NEMOCON,1414
501,15,178,CUNDINAMARCA,NILO,1135
502,15,181,CUNDINAMARCA,NIMAIMA,802
503,15,184,CUNDINAMARCA,NOCAIMA,743
504,15,190,CUNDINAMARCA,PACHO,1338
505,15,193,CUNDINAMARCA,PAIME,1656
506,15,196,CUNDINAMARCA,PANDI,946
507,15,198,CUNDINAMARCA,PARATEBUENO (LA NAGUAYA),1636
508,15,199,CUNDINAMARCA,PASCA,1607
509,15,202,CUNDINAMARCA,PUERTO SALGAR,1405
510,15,205,CUNDINAMARCA,PULI,632
511,15,208,CUNDINAMARCA,QUEBRADANEGRA,825
512,15,211,CUNDINAMARCA,QUETAME,678
513,15,214,CUNDINAMARCA,QUIPILE,902
514,15,217,CUNDINAMARCA,APULO,1141
515,15,218,CUNDINAMARCA,RICAURTE,2398
516,15,220,CUNDINAMARCA,SAN ANTONIO DEL TEQUENDAMA,1558
517,15,223,CUNDINAMARCA,SAN BERNARDO,802
518,15,226,CUNDINAMARCA,SAN CAYETANO,1125
519,15,229,CUNDINAMARCA,SAN FRANCISCO,1597
520,15,232,CUNDINAMARCA,SAN JUAN DE RIOSECO,1302
521,15,235,CUNDINAMARCA,SASAIMA,1230
522,15,238,CUNDINAMARCA,SESQUILE,987
523,15,239,CUNDINAMARCA,SIBATE,3103
524,15,241,CUNDINAMARCA,SILVANIA,3133
525,15,244,CUNDINAMARCA,SIMIJACA,753
526,15,247,CUNDINAMARCA,SOACHA,37873
527,15,250,CUNDINAMARCA,SOPO,1950
528,15,256,CUNDINAMARCA,SUBACHOQUE,988
529,15,259,CUNDINAMARCA,SUESCA,799
530,15,262,CUNDINAMARCA,SUPATA,462
531,15,265,CUNDINAMARCA,SUSA,127
532,15,268,CUNDINAMARCA,SUTATAUSA,503
533,15,271,CUNDINAMARCA,TABIO,1208
534,15,274,CUNDINAMARCA,TAUSA,561
535,15,277,CUNDINAMARCA,TENA,1552
536,15,280,CUNDINAMARCA,TENJO,2003
537,15,283,CUNDINAMARCA,TIBACUY,871
538,15,286,CUNDINAMARCA,TIBIRITA,467
539,15,289,CUNDINAMARCA,TOCAIMA,1532
540,15,292,CUNDINAMARCA,TOCANCIPA,6071
541,15,295,CUNDINAMARCA,TOPAIPI,948
542,15,298,CUNDINAMARCA,UBALA,1162
543,15,301,CUNDINAMARCA,UBAQUE,825
544,15,304,CUNDINAMARCA,UBATE,2287
545,15,307,CUNDINAMARCA,UNE,589
546,15,316,CUNDINAMARCA,UTICA,644
547,15,318,CUNDINAMARCA,VENECIA,738
548,15,319,CUNDINAMARCA,VERGARA,1557
549,15,322,CUNDINAMARCA,VIANI,796
550,15,323,CUNDINAMARCA,VILLAGOMEZ,342
551,15,325,CUNDINAMARCA,VILLAPINZON,454
552,15,328,CUNDINAMARCA,VILLETA,2618
553,15,331,CUNDINAMARCA,VIOTA,2141
554,15,334,CUNDINAMARCA,YACOPI,1635
555,15,337,CUNDINAMARCA,ZIPACON,734
556,15,340,CUNDINAMARCA,ZIPAQUIRA,6388
557,16,001,"BOGOTA, D. C.",BOGOTA. D.C.,456280
558,17,001,CHOCO,QUIBDO,6783
559,17,002,CHOCO,ATRATO (YUTO),1585
560,17,004,CHOCO,ACANDI,1127
561,17,006,CHOCO,ALTO BAUDO (PIE DE PATO),1593
562,17,007,CHOCO,BAGADO,753
563,17,008,CHOCO,BAHIA SOLANO (MUTIS),1059
564,17,010,CHOCO,BAJO BAUDO (PIZARRO),1630
565,17,011,CHOCO,BOJAYA (BELLAVISTA),1974
566,17,012,CHOCO,MEDIO ATRATO (BETE),1693
567,17,013,CHOCO,CONDOTO,1128
568,17,014,CHOCO,CERTEGUI,659
569,17,015,CHOCO,CARMEN DEL DARIEN,2103
570,17,016,CHOCO,EL CARMEN,1110
571,17,017,CHOCO,EL CANTON DEL SAN PABLO (MAN.,806
572,17,019,CHOCO,ISTMINA,2497
573,17,022,CHOCO,JURADO,404
574,17,025,CHOCO,LLORO,1051
575,17,026,CHOCO,MEDIO BAUDO (PUERTO MELUK),1406
576,17,027,CHOCO,MEDIO SAN JUAN,1109
577,17,028,CHOCO,NOVITA,961
578,17,031,CHOCO,NUQUI,483
579,17,032,CHOCO,RIO IRO,588
580,17,034,CHOCO,RIOSUCIO,4588
581,17,035,CHOCO,RIO QUITO (PAIMADO),2047
582,17,037,CHOCO,SAN JOSE DEL PALMAR,970
583,17,038,CHOCO,EL LITORAL DEL SAN JUAN,1828
584,17,040,CHOCO,SIPI,496
585,17,043,CHOCO,TADO,1793
586,17,048,CHOCO,UNGUIA,1346
587,17,060,CHOCO,UNION PANAMERICANA (LAS ANIMAS,1198
588,19,001,HUILA,NEIVA,23357
589,19,004,HUILA,ACEVEDO,2095
590,19,007,HUILA,AGRADO,1076
591,19,010,HUILA,AIPE,1451
592,19,013,HUILA,ALGECIRAS,1860
593,19,016,HUILA,ALTAMIRA,589
594,19,019,HUILA,BARAYA,655
595,19,022,HUILA,CAMPOALEGRE,1651
596,19,025,HUILA,TESALIA (CARNICERIAS),696
597,19,028,HUILA,COLOMBIA,842
598,19,031,HUILA,ELIAS,591
599,19,034,HUILA,GARZON,3440
600,19,037,HUILA,GIGANTE,1630
601,19,040,HUILA,GUADALUPE,1090
602,19,043,HUILA,HOBO,764
603,19,044,HUILA,ISNOS,1116
604,19,046,HUILA,IQUIRA,1132
605,19,047,HUILA,LA ARGENTINA (PLATA VIEJA),972
606,19,049,HUILA,LA PLATA,3321
607,19,050,HUILA,NATAGA,664
608,19,051,HUILA,OPORAPA,813
609,19,052,HUILA,PAICOL,774
610,19,055,HUILA,PALERMO,2481
611,19,056,HUILA,PALESTINA,857
612,19,058,HUILA,PITAL,719
613,19,061,HUILA,PITALITO,8156
614,19,064,HUILA,RIVERA,2258
615,19,067,HUILA,SALADOBLANCO,1191
616,19,070,HUILA,SAN AGUSTIN,1380
617,19,074,HUILA,SANTA MARIA,590
618,19,076,HUILA,SUAZA,1703
619,19,079,HUILA,TARQUI,968
620,19,082,HUILA,TELLO,1977
621,19,085,HUILA,TERUEL,705
622,19,088,HUILA,TIMANA,1121
623,19,091,HUILA,VILLAVIEJA,1045
624,19,094,HUILA,YAGUARA,483
625,21,001,MAGDALENA,SANTA MARTA,38850
626,21,008,MAGDALENA,ALGARROBO,1816
627,21,010,MAGDALENA,ARACATACA,4455
628,21,012,MAGDALENA,ARIGUANI (EL DIFICIL),2510
629,21,013,MAGDALENA,CERRO DE SAN ANTONIO,1132
630,21,015,MAGDALENA,CHIVOLO,1392
631,21,016,MAGDALENA,CIENAGA,10910
632,21,020,MAGDALENA,CONCORDIA,1105
633,21,025,MAGDALENA,EL BANCO,4342
634,21,028,MAGDALENA,EL PIÑON,1855
635,21,030,MAGDALENA,EL RETEN,1822
636,21,031,MAGDALENA,FUNDACION,7523
637,21,040,MAGDALENA,GUAMAL,2226
638,21,042,MAGDALENA,NUEVA GRANADA,2902
639,21,046,MAGDALENA,PEDRAZA,1395
640,21,048,MAGDALENA,PIJIÑO DEL CARMEN,995
641,21,049,MAGDALENA,PIVIJAY,3329
642,21,052,MAGDALENA,PLATO,5701
643,21,055,MAGDALENA,PUEBLOVIEJO,2675
644,21,058,MAGDALENA,REMOLINO,1344
645,21,060,MAGDALENA,SABANAS DE SAN ANGEL,3144
646,21,067,MAGDALENA,SALAMINA,822
647,21,070,MAGDALENA,SAN SEBASTIAN DE BUENAVISTA,1830
648,21,073,MAGDALENA,SAN ZENON,1403
649,21,076,MAGDALENA,SANTA ANA,1904
650,21,078,MAGDALENA,SANTA BARBARA DE PINTO,1066
651,21,079,MAGDALENA,SITIONUEVO,2399
652,21,085,MAGDALENA,TENERIFE,1017
653,21,090,MAGDALENA,ZAPAYAN,972
654,21,095,MAGDALENA,ZONA BANANERA (SEVILLA),8642
655,23,001,NARIÑO,PASTO,18343
656,23,004,NARIÑO,ALBAN (SAN JOSE),546
657,23,007,NARIÑO,ALDANA,450
658,23,010,NARIÑO,ANCUYA,579
659,23,013,NARIÑO,ARBOLEDA (BERRUECOS),738
660,23,016,NARIÑO,BARBACOAS,2897
661,23,017,NARIÑO,BELEN,512
662,23,019,NARIÑO,BUESACO,1534
663,23,022,NARIÑO,COLON (GENOVA),661
664,23,025,NARIÑO,CONSACA,841
665,23,028,NARIÑO,CONTADERO,605
666,23,031,NARIÑO,CORDOBA,576
667,23,034,NARIÑO,CUASPUD (CARLOSAMA),515
668,23,037,NARIÑO,CUMBAL,681
669,23,038,NARIÑO,CHACHAGUI,1249
670,23,039,NARIÑO,CUMBITARA,1451
671,23,040,NARIÑO,EL ROSARIO,1392
672,23,041,NARIÑO,EL CHARCO,3113
673,23,043,NARIÑO,EL TABLON,1254
674,23,044,NARIÑO,EL PEÑOL,588
675,23,046,NARIÑO,EL TAMBO,571
676,23,047,NARIÑO,FRANCISCO PIZARRO (SALAHONDA),891
677,23,049,NARIÑO,FUNES,1045
678,23,052,NARIÑO,GUACHUCAL,589
679,23,055,NARIÑO,GUAITARILLA,1135
680,23,058,NARIÑO,GUALMATAN,304
681,23,061,NARIÑO,ILES,753
682,23,064,NARIÑO,IMUES,1115
683,23,067,NARIÑO,IPIALES,4519
684,23,073,NARIÑO,LA CRUZ,1239
685,23,076,NARIÑO,LA FLORIDA,1111
686,23,077,NARIÑO,LA LLANADA,413
687,23,078,NARIÑO,LA TOLA,577
688,23,079,NARIÑO,LA UNION,1805
689,23,080,NARIÑO,LEIVA,1080
690,23,082,NARIÑO,LINARES,1258
691,23,085,NARIÑO,LOS ANDES (SOTOMAYOR),610
692,23,088,NARIÑO,MAGUI (PAYAN),1117
693,23,091,NARIÑO,MALLAMA (PIEDRANCHA),789
694,23,094,NARIÑO,MOSQUERA,1242
695,23,095,NARIÑO,OLAYA HERRERA,1554
696,23,096,NARIÑO,NARIÑO,385
697,23,097,NARIÑO,OSPINA,481
698,23,098,NARIÑO,POLICARPA,1577
699,23,100,NARIÑO,POTOSI,840
700,23,101,NARIÑO,PROVIDENCIA,327
701,23,103,NARIÑO,PUERRES,1041
702,23,106,NARIÑO,PUPIALES,895
703,23,109,NARIÑO,RICAURTE,1501
704,23,112,NARIÑO,ROBERTO PAYAN (SAN JOSE),1410
705,23,115,NARIÑO,SAMANIEGO,1517
706,23,118,NARIÑO,SANDONA,1108
707,23,120,NARIÑO,SAN BERNARDO,487
708,23,121,NARIÑO,SAN LORENZO,1074
709,23,123,NARIÑO,SAN PEDRO DE CARTAGO,577
710,23,124,NARIÑO,SAN PABLO,977
711,23,125,NARIÑO,SANTA BARBARA (ISCUANDE),1776
712,23,127,NARIÑO,SANTACRUZ (GUACHAVES),1219
713,23,130,NARIÑO,SAPUYES,710
714,23,133,NARIÑO,TAMINANGO,1369
715,23,136,NARIÑO,TANGUA,1793
716,23,139,NARIÑO,TUMACO,15648
717,23,142,NARIÑO,TUQUERRES,1168
718,23,145,NARIÑO,YACUANQUER,674
719,24,001,RISARALDA,PEREIRA,41291
720,24,008,RISARALDA,APIA,1003
721,24,013,RISARALDA,BALBOA,955
722,24,021,RISARALDA,BELEN DE UMBRIA,1398
723,24,025,RISARALDA,DOSQUEBRADAS,26563
724,24,029,RISARALDA,GUATICA,1084
725,24,038,RISARALDA,LA CELIA,885
726,24,046,RISARALDA,LA VIRGINIA,2198
727,24,054,RISARALDA,MARSELLA,1331
728,24,062,RISARALDA,MISTRATO,1270
729,24,070,RISARALDA,PUEBLO RICO,1606
730,24,078,RISARALDA,QUINCHIA,1851
731,24,086,RISARALDA,SANTA ROSA DE CABAL,6120
732,24,094,RISARALDA,SANTUARIO,1295
733,25,001,NORTE DE SANTANDER,CUCUTA,140553
734,25,004,NORTE DE SANTANDER,ABREGO,2130
735,25,007,NORTE DE SANTANDER,ARBOLEDAS,931
736,25,010,NORTE DE SANTANDER,BOCHALEMA,940
737,25,013,NORTE DE SANTANDER,BUCARASICA,700
738,25,016,NORTE DE SANTANDER,CACOTA,299
739,25,019,NORTE DE SANTANDER,CACHIRA,1371
740,25,022,NORTE DE SANTANDER,CONVENCION,1976
741,25,025,NORTE DE SANTANDER,CUCUTILLA,636
742,25,028,NORTE DE SANTANDER,CHINACOTA,1340
743,25,031,NORTE DE SANTANDER,CHITAGA,607
744,25,034,NORTE DE SANTANDER,DURANIA,418
745,25,036,NORTE DE SANTANDER,EL TARRA,3364
746,25,037,NORTE DE SANTANDER,EL CARMEN,1333
747,25,038,NORTE DE SANTANDER,EL ZULIA,3794
748,25,040,NORTE DE SANTANDER,GRAMALOTE,731
749,25,043,NORTE DE SANTANDER,HACARI,1442
750,25,046,NORTE DE SANTANDER,HERRAN,331
751,25,049,NORTE DE SANTANDER,LABATECA,403
752,25,051,NORTE DE SANTANDER,LA ESPERANZA,3338
753,25,052,NORTE DE SANTANDER,LA PLAYA,790
754,25,054,NORTE DE SANTANDER,LOS PATIOS,16094
755,25,055,NORTE DE SANTANDER,LOURDES,447
756,25,058,NORTE DE SANTANDER,MUTISCUA,282
757,25,061,NORTE DE SANTANDER,OCAÑA,10420
758,25,064,NORTE DE SANTANDER,PAMPLONA,3552
759,25,067,NORTE DE SANTANDER,PAMPLONITA,455
760,25,069,NORTE DE SANTANDER,PUERTO SANTANDER,2857
761,25,070,NORTE DE SANTANDER,RAGONVALIA,562
762,25,073,NORTE DE SANTANDER,SALAZAR,868
763,25,076,NORTE DE SANTANDER,SAN CALIXTO,1455
764,25,079,NORTE DE SANTANDER,SAN CAYETANO,1126
765,25,082,NORTE DE SANTANDER,SANTIAGO,395
766,25,085,NORTE DE SANTANDER,SARDINATA,2461
767,25,088,NORTE DE SANTANDER,SILOS,583
768,25,091,NORTE DE SANTANDER,TEORAMA,3652
769,25,093,NORTE DE SANTANDER,TIBU,5107
770,25,094,NORTE DE SANTANDER,TOLEDO,1185
771,25,097,NORTE DE SANTANDER,VILLA CARO,325
772,25,100,NORTE DE SANTANDER,VILLA DEL ROSARIO,14819
773,26,001,QUINDIO,ARMENIA,29312
774,26,005,QUINDIO,BUENAVISTA,537
775,26,010,QUINDIO,CALARCA,5162
776,26,020,QUINDIO,CIRCASIA,3782
777,26,025,QUINDIO,CORDOBA,823
778,26,030,QUINDIO,FILANDIA,1863
779,26,040,QUINDIO,GENOVA,1131
780,26,050,QUINDIO,LA TEBAIDA,3002
781,26,060,QUINDIO,MONTENEGRO,2941
782,26,070,QUINDIO,PIJAO,1078
783,26,080,QUINDIO,QUIMBAYA,3269
784,26,090,QUINDIO,SALENTO,927
785,27,001,SANTANDER,BUCARAMANGA,65193
786,27,004,SANTANDER,AGUADA,202
787,27,007,SANTANDER,ALBANIA,472
788,27,010,SANTANDER,ARATOCA,641
789,27,013,SANTANDER,BARBOSA,2823
790,27,016,SANTANDER,BARICHARA,761
791,27,019,SANTANDER,BARRANCABERMEJA,23726
792,27,022,SANTANDER,BETULIA,1580
793,27,025,SANTANDER,BOLIVAR,832
794,27,028,SANTANDER,CABRERA,235
795,27,031,SANTANDER,CALIFORNIA,340
796,27,034,SANTANDER,CAPITANEJO,469
797,27,037,SANTANDER,CARCASI,401
798,27,040,SANTANDER,CEPITA,207
799,27,043,SANTANDER,CERRITO,410
800,27,045,SANTANDER,CIMITARRA,5671
801,27,046,SANTANDER,CONCEPCION,499
802,27,049,SANTANDER,CONFINES,600
803,27,052,SANTANDER,CONTRATACION,429
804,27,055,SANTANDER,COROMORO,532
805,27,058,SANTANDER,CURITI,1336
806,27,061,SANTANDER,CHARALA,835
807,27,064,SANTANDER,CHARTA,369
808,27,067,SANTANDER,CHIMA,311
809,27,070,SANTANDER,CHIPATA,369
810,27,071,SANTANDER,EL CARMEN,1621
811,27,073,SANTANDER,EL GUACAMAYO,245
812,27,074,SANTANDER,EL PLAYON,2225
813,27,075,SANTANDER,EL PEÑON,610
814,27,076,SANTANDER,ENCINO,291
815,27,079,SANTANDER,ENCISO,487
816,27,080,SANTANDER,FLORIAN,913
817,27,082,SANTANDER,FLORIDABLANCA,34360
818,27,085,SANTANDER,GALAN,366
819,27,088,SANTANDER,GAMBITA,551
820,27,091,SANTANDER,GIRON,22984
821,27,094,SANTANDER,GUACA,922
822,27,097,SANTANDER,GUADALUPE,560
823,27,100,SANTANDER,GUAPOTA,187
824,27,103,SANTANDER,GUAVATA,751
825,27,106,SANTANDER,GUEPSA,415
826,27,109,SANTANDER,HATO,191
827,27,112,SANTANDER,JESUS MARIA,297
828,27,115,SANTANDER,JORDAN,196
829,27,118,SANTANDER,LA PAZ,621
830,27,119,SANTANDER,LA BELLEZA,643
831,27,120,SANTANDER,LANDAZURI,2205
832,27,121,SANTANDER,LEBRIJA,5898
833,27,124,SANTANDER,LOS SANTOS,1613
834,27,127,SANTANDER,MACARAVITA,190
835,27,130,SANTANDER,MALAGA,1336
836,27,133,SANTANDER,MATANZA,1106
837,27,136,SANTANDER,MOGOTES,698
838,27,139,SANTANDER,MOLAGAVITA,407
839,27,142,SANTANDER,OCAMONTE,362
840,27,145,SANTANDER,OIBA,1019
841,27,148,SANTANDER,ONZAGA,261
842,27,151,SANTANDER,PALMAR,256
843,27,154,SANTANDER,PALMAS DEL SOCORRO,456
844,27,157,SANTANDER,PARAMO,686
845,27,160,SANTANDER,PIEDECUESTA,22089
846,27,163,SANTANDER,PINCHOTE,708
847,27,166,SANTANDER,PUENTE NACIONAL,1670
848,27,167,SANTANDER,PUERTO PARRA,1328
849,27,169,SANTANDER,PUERTO WILCHES,3803
850,27,172,SANTANDER,RIONEGRO,3987
851,27,174,SANTANDER,SABANA DE TORRES,3548
852,27,175,SANTANDER,SAN ANDRES,793
853,27,178,SANTANDER,SAN BENITO,273
854,27,181,SANTANDER,SAN GIL,4782
855,27,184,SANTANDER,SAN JOAQUIN,225
856,27,187,SANTANDER,SAN JOSE DE MIRANDA,548
857,27,190,SANTANDER,SAN MIGUEL,234
858,27,193,SANTANDER,SAN VICENTE DE CHUCURI,2717
859,27,194,SANTANDER,SANTA HELENA DEL OPON,640
860,27,195,SANTANDER,SANTA BARBARA,583
861,27,196,SANTANDER,SIMACOTA,1064
862,27,199,SANTANDER,SOCORRO,2381
863,27,202,SANTANDER,SUAITA,949
864,27,205,SANTANDER,SUCRE,612
865,27,208,SANTANDER,SURATA,784
866,27,211,SANTANDER,TONA,1277
867,27,217,SANTANDER,VALLE DE SAN JOSE,783
868,27,219,SANTANDER,VETAS,91
869,27,220,SANTANDER,VELEZ,1492
870,27,221,SANTANDER,VILLANUEVA,488
871,27,223,SANTANDER,ZAPATOCA,949
872,28,001,SUCRE,SINCELEJO,18591
873,28,010,SUCRE,BUENAVISTA,937
874,28,020,SUCRE,CAIMITO,963
875,28,030,SUCRE,COLOSO (RICAURTE),1029
876,28,040,SUCRE,COROZAL,4131
877,28,041,SUCRE,COVEÑAS,1506
878,28,042,SUCRE,EL ROBLE,1007
879,28,045,SUCRE,CHALAN,311
880,28,048,SUCRE,GALERAS (NUEVA GRANADA),1863
881,28,049,SUCRE,GUARANDA,2202
882,28,050,SUCRE,LA UNION,972
883,28,055,SUCRE,LOS PALMITOS,2063
884,28,060,SUCRE,MAJAGUAL,2817
885,28,080,SUCRE,MORROA,1264
886,28,100,SUCRE,OVEJAS,1155
887,28,120,SUCRE,PALMITO,1116
888,28,160,SUCRE,SAMPUES,2508
889,28,180,SUCRE,SAN BENITO ABAD,2973
890,28,190,SUCRE,SAN JUAN DE BETULIA (BETULIA),1119
891,28,200,SUCRE,SAN MARCOS,3738
892,28,220,SUCRE,SAN ONOFRE,3423
893,28,240,SUCRE,SAN PEDRO,1098
894,28,260,SUCRE,SINCE,2236
895,28,280,SUCRE,SUCRE,2943
896,28,300,SUCRE,TOLU,1760
897,28,320,SUCRE,TOLUVIEJO,2459
898,29,001,TOLIMA,IBAGUE,30490
899,29,004,TOLIMA,ALPUJARRA,554
900,29,007,TOLIMA,ALVARADO,1351
901,29,010,TOLIMA,AMBALEMA,1035
902,29,013,TOLIMA,ANZOATEGUI,1436
903,29,016,TOLIMA,ARMERO (GUAYABAL),1054
904,29,019,TOLIMA,ATACO,2622
905,29,022,TOLIMA,CAJAMARCA,1372
906,29,025,TOLIMA,CARMEN DE APICALA,1155
907,29,028,TOLIMA,CASABIANCA,650
908,29,031,TOLIMA,COELLO,1496
909,29,034,TOLIMA,COYAIMA,2344
910,29,037,TOLIMA,CUNDAY,1727
911,29,040,TOLIMA,CHAPARRAL,3600
912,29,043,TOLIMA,DOLORES,1109
913,29,046,TOLIMA,ESPINAL,4232
914,29,049,TOLIMA,FALAN,900
915,29,052,TOLIMA,FLANDES,3179
916,29,055,TOLIMA,FRESNO,2072
917,29,058,TOLIMA,GUAMO,2758
918,29,061,TOLIMA,HERVEO,1019
919,29,064,TOLIMA,HONDA,1362
920,29,067,TOLIMA,ICONONZO,1415
921,29,070,TOLIMA,LERIDA,1900
922,29,073,TOLIMA,LIBANO,1781
923,29,076,TOLIMA,MARIQUITA,3143
924,29,079,TOLIMA,MELGAR,3704
925,29,080,TOLIMA,MURILLO,590
926,29,082,TOLIMA,NATAGAIMA,1254
927,29,085,TOLIMA,ORTEGA,1723
928,29,087,TOLIMA,PALOCABILDO,1040
929,29,088,TOLIMA,PIEDRAS,742
930,29,089,TOLIMA,PLANADAS,2830
931,29,091,TOLIMA,PRADO,963
932,29,094,TOLIMA,PURIFICACION,1678
933,29,097,TOLIMA,RIOBLANCO,1751
934,29,100,TOLIMA,RONCESVALLES,687
935,29,103,TOLIMA,ROVIRA,2280
936,29,105,TOLIMA,SALDAÑA,820
937,29,106,TOLIMA,SAN ANTONIO,1278
938,29,109,TOLIMA,SAN LUIS,2043
939,29,112,TOLIMA,SANTA ISABEL,858
940,29,115,TOLIMA,SUAREZ,693
941,29,118,TOLIMA,VALLE DE SAN JUAN,609
942,29,121,TOLIMA,VENADILLO,1471
943,29,124,TOLIMA,VILLAHERMOSA,934
944,29,127,TOLIMA,VILLARRICA,767
945,31,001,VALLE DEL CAUCA,CALI,193684
946,31,004,VALLE DEL CAUCA,ALCALA,1638
947,31,007,VALLE DEL CAUCA,ANDALUCIA,2251
948,31,010,VALLE DEL CAUCA,ANSERMANUEVO,2755
949,31,013,VALLE DEL CAUCA,ARGELIA,1011
950,31,016,VALLE DEL CAUCA,BOLIVAR,2394
951,31,019,VALLE DEL CAUCA,BUENAVENTURA,25721
952,31,022,VALLE DEL CAUCA,GUADALAJARA DE BUGA	,7519
953,31,025,VALLE DEL CAUCA,BUGALAGRANDE,2440
954,31,028,VALLE DEL CAUCA,CAICEDONIA,2116
955,31,031,VALLE DEL CAUCA,CANDELARIA,10014
956,31,034,VALLE DEL CAUCA,CARTAGO,8160
957,31,037,VALLE DEL CAUCA,DAGUA,6004
958,31,040,VALLE DEL CAUCA,CALIMA (DARIEN),1357
959,31,043,VALLE DEL CAUCA,EL AGUILA,1059
960,31,046,VALLE DEL CAUCA,EL CAIRO,924
961,31,049,VALLE DEL CAUCA,EL CERRITO,5247
962,31,052,VALLE DEL CAUCA,EL DOVIO,1030
963,31,055,VALLE DEL CAUCA,FLORIDA,4360
964,31,058,VALLE DEL CAUCA,GINEBRA,1918
965,31,061,VALLE DEL CAUCA,GUACARI,3731
966,31,064,VALLE DEL CAUCA,JAMUNDI,13286
967,31,067,VALLE DEL CAUCA,LA CUMBRE,2411
968,31,070,VALLE DEL CAUCA,LA UNION,2330
969,31,073,VALLE DEL CAUCA,LA VICTORIA,1039
970,31,076,VALLE DEL CAUCA,OBANDO,1420
971,31,079,VALLE DEL CAUCA,PALMIRA,56592
972,31,082,VALLE DEL CAUCA,PRADERA,4138
973,31,085,VALLE DEL CAUCA,RESTREPO,1681
974,31,088,VALLE DEL CAUCA,RIOFRIO,2524
975,31,091,VALLE DEL CAUCA,ROLDANILLO,3066
976,31,094,VALLE DEL CAUCA,SAN PEDRO,1832
977,31,097,VALLE DEL CAUCA,SEVILLA,2822
978,31,100,VALLE DEL CAUCA,TORO,1280
979,31,103,VALLE DEL CAUCA,TRUJILLO,1808
980,31,106,VALLE DEL CAUCA,TULUA,15480
981,31,109,VALLE DEL CAUCA,ULLOA,1186
982,31,112,VALLE DEL CAUCA,VERSALLES,1105
983,31,115,VALLE DEL CAUCA,VIJES,1190
984,31,118,VALLE DEL CAUCA,YOTOCO,2568
985,31,121,VALLE DEL CAUCA,YUMBO,14103
986,31,124,VALLE DEL CAUCA,ZARZAL,4101
987,40,001,ARAUCA,ARAUCA,8083
988,40,005,ARAUCA,TAME,4090
989,40,010,ARAUCA,ARAUQUITA,5338
990,40,015,ARAUCA,CRAVO NORTE,470
991,40,017,ARAUCA,FORTUL,1772
992,40,020,ARAUCA,PUERTO RONDON,689
993,40,025,ARAUCA,SARAVENA,3338
994,44,001,CAQUETA,FLORENCIA,11073
995,44,002,CAQUETA,ALBANIA,599
996,44,003,CAQUETA,CARTAGENA DEL CHAIRA,4188
997,44,004,CAQUETA,BELEN DE LOS ANDAQUIES,906
998,44,005,CAQUETA,EL DONCELLO,1888
999,44,006,CAQUETA,EL PAUJIL,1306
1000,44,007,CAQUETA,LA MONTAÑITA,2259
1001,44,009,CAQUETA,PUERTO RICO,2263
1002,44,010,CAQUETA,SAN VICENTE DEL CAGUAN,5829
1003,44,012,CAQUETA,CURILLO,1152
1004,44,016,CAQUETA,MILAN,1742
1005,44,017,CAQUETA,MORELIA,727
1006,44,020,CAQUETA,SAN JOSE DEL FRAGUA,1751
1007,44,022,CAQUETA,SOLANO,1703
1008,44,024,CAQUETA,SOLITA,1171
1009,44,040,CAQUETA,VALPARAISO,915
1010,46,001,CASANARE,YOPAL,18229
1011,46,040,CASANARE,AGUAZUL,3683
1012,46,120,CASANARE,CHAMEZA,312
1013,46,320,CASANARE,HATO COROZAL,1305
1014,46,480,CASANARE,LA SALINA,39
1015,46,520,CASANARE,MANI,2446
1016,46,540,CASANARE,MONTERREY,1766
1017,46,560,CASANARE,NUNCHIA,1030
1018,46,640,CASANARE,OROCUE,1826
1019,46,680,CASANARE,PAZ DE ARIPORO (MORENO),3075
1020,46,700,CASANARE,PORE,1613
1021,46,760,CASANARE,RECETOR,182
1022,46,800,CASANARE,SABANALARGA,505
1023,46,815,CASANARE,SACAMA,212
1024,46,830,CASANARE,SAN LUIS DE PALENQUE,1382
1025,46,840,CASANARE,TAMARA,653
1026,46,850,CASANARE,TAURAMENA,3015
1027,46,865,CASANARE,TRINIDAD,1468
1028,46,880,CASANARE,VILLANUEVA,2983
1029,48,001,LA GUAJIRA,RIOHACHA,27101
1030,48,002,LA GUAJIRA,ALBANIA,3321
1031,48,004,LA GUAJIRA,BARRANCAS,2975
1032,48,005,LA GUAJIRA,DIBULLA,3603
1033,48,006,LA GUAJIRA,EL MOLINO,1096
1034,48,007,LA GUAJIRA,FONSECA,3149
1035,48,008,LA GUAJIRA,DISTRACCION,1606
1036,48,009,LA GUAJIRA,HATONUEVO,1670
1037,48,010,LA GUAJIRA,MAICAO,10812
1038,48,011,LA GUAJIRA,MANAURE,8186
1039,48,012,LA GUAJIRA,LA JAGUA DEL PILAR,525
1040,48,013,LA GUAJIRA,SAN JUAN DEL CESAR,4651
1041,48,016,LA GUAJIRA,URIBIA,10315
1042,48,018,LA GUAJIRA,URUMITA,909
1043,48,020,LA GUAJIRA,VILLANUEVA,1785
1044,50,001,GUAINIA,INIRIDA,1897
1045,50,050,GUAINIA,MAPIRIPANA,120
1046,50,070,GUAINIA,BARRANCO MINAS,223
1047,50,073,GUAINIA,CACAHUAL,18
1048,50,078,GUAINIA,LA GUADALUPE,35
1049,50,083,GUAINIA,MORICHAL (MORICHAL NUEVO),34
1050,50,087,GUAINIA,PANA PANA (CAMPO ALEGRE),97
1051,50,090,GUAINIA,PUERTO COLOMBIA,145
1052,50,092,GUAINIA,SAN FELIPE,59
1053,52,001,META,VILLAVICENCIO,56959
1054,52,005,META,ACACIAS,11822
1055,52,006,META,BARRANCA DE UPIA,1026
1056,52,008,META,CABUYARO,1664
1057,52,010,META,CASTILLA LA NUEVA,3193
1058,52,015,META,CUBARRAL,1095
1059,52,020,META,CUMARAL,2677
1060,52,025,META,EL CALVARIO,528
1061,52,027,META,EL CASTILLO,1339
1062,52,028,META,EL DORADO,747
1063,52,030,META,FUENTE DE ORO,1665
1064,52,035,META,GRANADA,7149
1065,52,040,META,GUAMAL,2526
1066,52,041,META,LA MACARENA,2936
1067,52,042,META,LEJANIAS,1718
1068,52,043,META,PUERTO GAITAN,9498
1069,52,044,META,MESETAS,1834
1070,52,045,META,PUERTO LOPEZ,5332
1071,52,046,META,MAPIRIPAN,1337
1072,52,047,META,PUERTO CONCORDIA,2248
1073,52,048,META,PUERTO LLERAS,1749
1074,52,049,META,PUERTO RICO,2097
1075,52,050,META,RESTREPO,2919
1076,52,055,META,SAN CARLOS DE GUAROA,2673
1077,52,058,META,SAN JUAN DE ARAMA,1847
1078,52,059,META,SAN JUANITO,193
1079,52,060,META,SAN MARTIN DE LOS LLANOS,2814
1080,52,074,META,URIBE,1267
1081,52,080,META,VISTA HERMOSA,2881
1082,54,001,GUAVIARE,SAN JOSE DEL GUAVIARE,5259
1083,54,003,GUAVIARE,CALAMAR,861
1084,54,007,GUAVIARE,EL RETORNO,2254
1085,54,012,GUAVIARE,MIRAFLORES,1106
1086,56,001,"ARCHIPIELAGO DE SAN ANDRES, PROVIDENCIA Y SANTA CATALINA",SAN ANDRES,1408
1087,56,004,"ARCHIPIELAGO DE SAN ANDRES, PROVIDENCIA Y SANTA CATALINA",PROVIDENCIA,420
1088,60,001,AMAZONAS,LETICIA,2259
1089,60,007,AMAZONAS,PUERTO NARIÑO,271
1090,60,010,AMAZONAS,EL ENCANTO,21
1091,60,013,AMAZONAS,LA CHORRERA,49
1092,60,016,AMAZONAS,LA PEDRERA,25
1093,60,017,AMAZONAS,LA VICTORIA,0
1094,60,019,AMAZONAS,MIRITI PARANA,41
1095,60,021,AMAZONAS,PUERTO SANTANDER,32
1096,60,022,AMAZONAS,TARAPACA,64
1097,60,030,AMAZONAS,PUERTO ALEGRIA,7
1098,60,040,AMAZONAS,PUERTO ARICA,19
1099,64,001,PUTUMAYO,MOCOA,3740
1100,64,002,PUTUMAYO,PUERTO ASIS,5664
1101,64,004,PUTUMAYO,PUERTO LEGUIZAMO,2104
1102,64,007,PUTUMAYO,COLON,377
1103,64,013,PUTUMAYO,SAN FRANCISCO,470
1104,64,016,PUTUMAYO,SANTIAGO,358
1105,64,018,PUTUMAYO,SAN MIGUEL (LA DORADA),2011
1106,64,019,PUTUMAYO,SIBUNDOY,822
1107,64,023,PUTUMAYO,ORITO,3574
1108,64,025,PUTUMAYO,PUERTO GUZMAN,1936
1109,64,026,PUTUMAYO,PUERTO CAICEDO,1218
1110,64,028,PUTUMAYO,VALLE DEL GUAMUEZ (LA HORMIGA),2476
1111,64,030,PUTUMAYO,VILLAGARZON,2117
1112,68,001,VAUPES,MITU,1466
1113,68,004,VAUPES,CARURU,305
1114,68,010,VAUPES,MORICHAL (PAPUNAGUA),27
1115,68,013,VAUPES,BUENOS AIRES (PACOA),167
1116,68,017,VAUPES,TARAIRA,394
1117,68,022,VAUPES,YAVARATE,169
1118,72,001,VICHADA,PUERTO CARREÑO,2891
1119,72,002,VICHADA,SANTA ROSALIA,819
1120,72,006,VICHADA,CUMARIBO,2491
1121,72,008,VICHADA,LA PRIMAVERA,1221
